,Domain,Country,Element,Crop,Year,Unit,Production,Crop
116,Crops and livestock products,India,Production,Apples,1961,tonnes,185000,apples
117,Crops and livestock products,India,Production,Apples,1962,tonnes,160000,apples
118,Crops and livestock products,India,Production,Apples,1963,tonnes,140000,apples
119,Crops and livestock products,India,Production,Apples,1964,tonnes,110000,apples
120,Crops and livestock products,India,Production,Apples,1965,tonnes,90000,apples
121,Crops and livestock products,India,Production,Apples,1966,tonnes,97500,apples
122,Crops and livestock products,India,Production,Apples,1967,tonnes,127000,apples
123,Crops and livestock products,India,Production,Apples,1968,tonnes,163000,apples
124,Crops and livestock products,India,Production,Apples,1969,tonnes,201000,apples
125,Crops and livestock products,India,Production,Apples,1970,tonnes,277000,apples
126,Crops and livestock products,India,Production,Apples,1971,tonnes,352000,apples
127,Crops and livestock products,India,Production,Apples,1972,tonnes,433000,apples
128,Crops and livestock products,India,Production,Apples,1973,tonnes,515000,apples
129,Crops and livestock products,India,Production,Apples,1974,tonnes,592000,apples
130,Crops and livestock products,India,Production,Apples,1975,tonnes,510000,apples
131,Crops and livestock products,India,Production,Apples,1976,tonnes,500000,apples
132,Crops and livestock products,India,Production,Apples,1977,tonnes,503500,apples
133,Crops and livestock products,India,Production,Apples,1978,tonnes,545070,apples
134,Crops and livestock products,India,Production,Apples,1979,tonnes,662020,apples
135,Crops and livestock products,India,Production,Apples,1980,tonnes,658000,apples
136,Crops and livestock products,India,Production,Apples,1981,tonnes,821790,apples
137,Crops and livestock products,India,Production,Apples,1982,tonnes,926980,apples
138,Crops and livestock products,India,Production,Apples,1983,tonnes,966600,apples
139,Crops and livestock products,India,Production,Apples,1984,tonnes,985900,apples
140,Crops and livestock products,India,Production,Apples,1985,tonnes,1005560,apples
141,Crops and livestock products,India,Production,Apples,1986,tonnes,1258000,apples
142,Crops and livestock products,India,Production,Apples,1987,tonnes,861404,apples
143,Crops and livestock products,India,Production,Apples,1988,tonnes,995296,apples
144,Crops and livestock products,India,Production,Apples,1989,tonnes,1084117,apples
145,Crops and livestock products,India,Production,Apples,1990,tonnes,1093900,apples
146,Crops and livestock products,India,Production,Apples,1991,tonnes,1175005,apples
147,Crops and livestock products,India,Production,Apples,1992,tonnes,1147743,apples
148,Crops and livestock products,India,Production,Apples,1993,tonnes,1168252,apples
149,Crops and livestock products,India,Production,Apples,1994,tonnes,1300000,apples
150,Crops and livestock products,India,Production,Apples,1995,tonnes,1200000,apples
151,Crops and livestock products,India,Production,Apples,1996,tonnes,1211379,apples
152,Crops and livestock products,India,Production,Apples,1997,tonnes,1308390,apples
153,Crops and livestock products,India,Production,Apples,1998,tonnes,1320590,apples
154,Crops and livestock products,India,Production,Apples,1999,tonnes,1380000,apples
155,Crops and livestock products,India,Production,Apples,2000,tonnes,1050000,apples
156,Crops and livestock products,India,Production,Apples,2001,tonnes,1230000,apples
157,Crops and livestock products,India,Production,Apples,2002,tonnes,1160000,apples
158,Crops and livestock products,India,Production,Apples,2003,tonnes,1470000,apples
159,Crops and livestock products,India,Production,Apples,2004,tonnes,1521600,apples
160,Crops and livestock products,India,Production,Apples,2005,tonnes,1739000,apples
161,Crops and livestock products,India,Production,Apples,2006,tonnes,1814000,apples
162,Crops and livestock products,India,Production,Apples,2007,tonnes,1624000,apples
163,Crops and livestock products,India,Production,Apples,2008,tonnes,2001000,apples
164,Crops and livestock products,India,Production,Apples,2009,tonnes,1985000,apples
165,Crops and livestock products,India,Production,Apples,2010,tonnes,1777200,apples
166,Crops and livestock products,India,Production,Apples,2011,tonnes,2891000,apples
167,Crops and livestock products,India,Production,Apples,2012,tonnes,2203400,apples
168,Crops and livestock products,India,Production,Apples,2013,tonnes,1915000,apples
169,Crops and livestock products,India,Production,Apples,2014,tonnes,2497680,apples
170,Crops and livestock products,India,Production,Apples,2015,tonnes,2134000,apples
171,Crops and livestock products,India,Production,Apples,2016,tonnes,2521000,apples
172,Crops and livestock products,India,Production,Apples,2017,tonnes,2265000,apples
173,Crops and livestock products,India,Production,Apples,2018,tonnes,2327000,apples
290,Crops and livestock products,India,Production,Apricots,1961,tonnes,8000,apricots
291,Crops and livestock products,India,Production,Apricots,1962,tonnes,8300,apricots
292,Crops and livestock products,India,Production,Apricots,1963,tonnes,8500,apricots
293,Crops and livestock products,India,Production,Apricots,1964,tonnes,8800,apricots
294,Crops and livestock products,India,Production,Apricots,1965,tonnes,9200,apricots
295,Crops and livestock products,India,Production,Apricots,1966,tonnes,9500,apricots
296,Crops and livestock products,India,Production,Apricots,1967,tonnes,9800,apricots
297,Crops and livestock products,India,Production,Apricots,1968,tonnes,10300,apricots
298,Crops and livestock products,India,Production,Apricots,1969,tonnes,10500,apricots
299,Crops and livestock products,India,Production,Apricots,1970,tonnes,10800,apricots
300,Crops and livestock products,India,Production,Apricots,1971,tonnes,11000,apricots
301,Crops and livestock products,India,Production,Apricots,1972,tonnes,10500,apricots
302,Crops and livestock products,India,Production,Apricots,1973,tonnes,11000,apricots
303,Crops and livestock products,India,Production,Apricots,1974,tonnes,11500,apricots
304,Crops and livestock products,India,Production,Apricots,1975,tonnes,9500,apricots
305,Crops and livestock products,India,Production,Apricots,1976,tonnes,10000,apricots
306,Crops and livestock products,India,Production,Apricots,1977,tonnes,8000,apricots
307,Crops and livestock products,India,Production,Apricots,1978,tonnes,8000,apricots
308,Crops and livestock products,India,Production,Apricots,1979,tonnes,7000,apricots
309,Crops and livestock products,India,Production,Apricots,1980,tonnes,6500,apricots
310,Crops and livestock products,India,Production,Apricots,1981,tonnes,6000,apricots
311,Crops and livestock products,India,Production,Apricots,1982,tonnes,5000,apricots
312,Crops and livestock products,India,Production,Apricots,1983,tonnes,5500,apricots
313,Crops and livestock products,India,Production,Apricots,1984,tonnes,5000,apricots
314,Crops and livestock products,India,Production,Apricots,1985,tonnes,4800,apricots
315,Crops and livestock products,India,Production,Apricots,1986,tonnes,4500,apricots
316,Crops and livestock products,India,Production,Apricots,1987,tonnes,4800,apricots
317,Crops and livestock products,India,Production,Apricots,1988,tonnes,4350,apricots
318,Crops and livestock products,India,Production,Apricots,1989,tonnes,5000,apricots
319,Crops and livestock products,India,Production,Apricots,1990,tonnes,6000,apricots
320,Crops and livestock products,India,Production,Apricots,1991,tonnes,6200,apricots
321,Crops and livestock products,India,Production,Apricots,1992,tonnes,6500,apricots
322,Crops and livestock products,India,Production,Apricots,1993,tonnes,6800,apricots
323,Crops and livestock products,India,Production,Apricots,1994,tonnes,7000,apricots
324,Crops and livestock products,India,Production,Apricots,1995,tonnes,7300,apricots
325,Crops and livestock products,India,Production,Apricots,1996,tonnes,7900,apricots
326,Crops and livestock products,India,Production,Apricots,1997,tonnes,8100,apricots
327,Crops and livestock products,India,Production,Apricots,1998,tonnes,8400,apricots
328,Crops and livestock products,India,Production,Apricots,1999,tonnes,9400,apricots
329,Crops and livestock products,India,Production,Apricots,2000,tonnes,9900,apricots
330,Crops and livestock products,India,Production,Apricots,2001,tonnes,10000,apricots
331,Crops and livestock products,India,Production,Apricots,2002,tonnes,10216,apricots
332,Crops and livestock products,India,Production,Apricots,2003,tonnes,10530,apricots
333,Crops and livestock products,India,Production,Apricots,2004,tonnes,10908,apricots
334,Crops and livestock products,India,Production,Apricots,2005,tonnes,11332,apricots
335,Crops and livestock products,India,Production,Apricots,2006,tonnes,11847,apricots
336,Crops and livestock products,India,Production,Apricots,2007,tonnes,12317,apricots
337,Crops and livestock products,India,Production,Apricots,2008,tonnes,12889,apricots
338,Crops and livestock products,India,Production,Apricots,2009,tonnes,13292,apricots
339,Crops and livestock products,India,Production,Apricots,2010,tonnes,13645,apricots
340,Crops and livestock products,India,Production,Apricots,2011,tonnes,13929,apricots
341,Crops and livestock products,India,Production,Apricots,2012,tonnes,14149,apricots
342,Crops and livestock products,India,Production,Apricots,2013,tonnes,14155,apricots
343,Crops and livestock products,India,Production,Apricots,2014,tonnes,14116,apricots
344,Crops and livestock products,India,Production,Apricots,2015,tonnes,14186,apricots
345,Crops and livestock products,India,Production,Apricots,2016,tonnes,14318,apricots
346,Crops and livestock products,India,Production,Apricots,2017,tonnes,14207,apricots
347,Crops and livestock products,India,Production,Apricots,2018,tonnes,14237,apricots
464,Crops and livestock products,India,Production,Areca nuts,1961,tonnes,120000,areca nuts
465,Crops and livestock products,India,Production,Areca nuts,1962,tonnes,120000,areca nuts
466,Crops and livestock products,India,Production,Areca nuts,1963,tonnes,120000,areca nuts
467,Crops and livestock products,India,Production,Areca nuts,1964,tonnes,120000,areca nuts
468,Crops and livestock products,India,Production,Areca nuts,1965,tonnes,113000,areca nuts
469,Crops and livestock products,India,Production,Areca nuts,1966,tonnes,119000,areca nuts
470,Crops and livestock products,India,Production,Areca nuts,1967,tonnes,130000,areca nuts
471,Crops and livestock products,India,Production,Areca nuts,1968,tonnes,135000,areca nuts
472,Crops and livestock products,India,Production,Areca nuts,1969,tonnes,140000,areca nuts
473,Crops and livestock products,India,Production,Areca nuts,1970,tonnes,137700,areca nuts
474,Crops and livestock products,India,Production,Areca nuts,1971,tonnes,141000,areca nuts
475,Crops and livestock products,India,Production,Areca nuts,1972,tonnes,150500,areca nuts
476,Crops and livestock products,India,Production,Areca nuts,1973,tonnes,147700,areca nuts
477,Crops and livestock products,India,Production,Areca nuts,1974,tonnes,167400,areca nuts
478,Crops and livestock products,India,Production,Areca nuts,1975,tonnes,164700,areca nuts
479,Crops and livestock products,India,Production,Areca nuts,1976,tonnes,160000,areca nuts
480,Crops and livestock products,India,Production,Areca nuts,1977,tonnes,164300,areca nuts
481,Crops and livestock products,India,Production,Areca nuts,1978,tonnes,175200,areca nuts
482,Crops and livestock products,India,Production,Areca nuts,1979,tonnes,181900,areca nuts
483,Crops and livestock products,India,Production,Areca nuts,1980,tonnes,181400,areca nuts
484,Crops and livestock products,India,Production,Areca nuts,1981,tonnes,195900,areca nuts
485,Crops and livestock products,India,Production,Areca nuts,1982,tonnes,194700,areca nuts
486,Crops and livestock products,India,Production,Areca nuts,1983,tonnes,202200,areca nuts
487,Crops and livestock products,India,Production,Areca nuts,1984,tonnes,189500,areca nuts
488,Crops and livestock products,India,Production,Areca nuts,1985,tonnes,218700,areca nuts
489,Crops and livestock products,India,Production,Areca nuts,1986,tonnes,216200,areca nuts
490,Crops and livestock products,India,Production,Areca nuts,1987,tonnes,219000,areca nuts
491,Crops and livestock products,India,Production,Areca nuts,1988,tonnes,226700,areca nuts
492,Crops and livestock products,India,Production,Areca nuts,1989,tonnes,249000,areca nuts
493,Crops and livestock products,India,Production,Areca nuts,1990,tonnes,251300,areca nuts
494,Crops and livestock products,India,Production,Areca nuts,1991,tonnes,238500,areca nuts
495,Crops and livestock products,India,Production,Areca nuts,1992,tonnes,243200,areca nuts
496,Crops and livestock products,India,Production,Areca nuts,1993,tonnes,256300,areca nuts
497,Crops and livestock products,India,Production,Areca nuts,1994,tonnes,271100,areca nuts
498,Crops and livestock products,India,Production,Areca nuts,1995,tonnes,289700,areca nuts
499,Crops and livestock products,India,Production,Areca nuts,1996,tonnes,295500,areca nuts
500,Crops and livestock products,India,Production,Areca nuts,1997,tonnes,307700,areca nuts
501,Crops and livestock products,India,Production,Areca nuts,1998,tonnes,333900,areca nuts
502,Crops and livestock products,India,Production,Areca nuts,1999,tonnes,310000,areca nuts
503,Crops and livestock products,India,Production,Areca nuts,2000,tonnes,330000,areca nuts
504,Crops and livestock products,India,Production,Areca nuts,2001,tonnes,330000,areca nuts
505,Crops and livestock products,India,Production,Areca nuts,2002,tonnes,400000,areca nuts
506,Crops and livestock products,India,Production,Areca nuts,2003,tonnes,415900,areca nuts
507,Crops and livestock products,India,Production,Areca nuts,2004,tonnes,439200,areca nuts
508,Crops and livestock products,India,Production,Areca nuts,2005,tonnes,452700,areca nuts
509,Crops and livestock products,India,Production,Areca nuts,2006,tonnes,483100,areca nuts
510,Crops and livestock products,India,Production,Areca nuts,2007,tonnes,483300,areca nuts
511,Crops and livestock products,India,Production,Areca nuts,2008,tonnes,476000,areca nuts
512,Crops and livestock products,India,Production,Areca nuts,2009,tonnes,481300,areca nuts
513,Crops and livestock products,India,Production,Areca nuts,2010,tonnes,478000,areca nuts
514,Crops and livestock products,India,Production,Areca nuts,2011,tonnes,478000,areca nuts
515,Crops and livestock products,India,Production,Areca nuts,2012,tonnes,681000,areca nuts
516,Crops and livestock products,India,Production,Areca nuts,2013,tonnes,609000,areca nuts
517,Crops and livestock products,India,Production,Areca nuts,2014,tonnes,622000,areca nuts
518,Crops and livestock products,India,Production,Areca nuts,2015,tonnes,747000,areca nuts
519,Crops and livestock products,India,Production,Areca nuts,2016,tonnes,714000,areca nuts
520,Crops and livestock products,India,Production,Areca nuts,2017,tonnes,723000,areca nuts
521,Crops and livestock products,India,Production,Areca nuts,2018,tonnes,833000,areca nuts
638,Crops and livestock products,India,Production,Bananas,1961,tonnes,2257000,bananas
639,Crops and livestock products,India,Production,Bananas,1962,tonnes,2425000,bananas
640,Crops and livestock products,India,Production,Bananas,1963,tonnes,2601000,bananas
641,Crops and livestock products,India,Production,Bananas,1964,tonnes,2684000,bananas
642,Crops and livestock products,India,Production,Bananas,1965,tonnes,3271000,bananas
643,Crops and livestock products,India,Production,Bananas,1966,tonnes,3412000,bananas
644,Crops and livestock products,India,Production,Bananas,1967,tonnes,3203000,bananas
645,Crops and livestock products,India,Production,Bananas,1968,tonnes,3125000,bananas
646,Crops and livestock products,India,Production,Bananas,1969,tonnes,3172500,bananas
647,Crops and livestock products,India,Production,Bananas,1970,tonnes,2896800,bananas
648,Crops and livestock products,India,Production,Bananas,1971,tonnes,3374100,bananas
649,Crops and livestock products,India,Production,Bananas,1972,tonnes,3190000,bananas
650,Crops and livestock products,India,Production,Bananas,1973,tonnes,3167100,bananas
651,Crops and livestock products,India,Production,Bananas,1974,tonnes,3274100,bananas
652,Crops and livestock products,India,Production,Bananas,1975,tonnes,3409000,bananas
653,Crops and livestock products,India,Production,Bananas,1976,tonnes,3758200,bananas
654,Crops and livestock products,India,Production,Bananas,1977,tonnes,4245900,bananas
655,Crops and livestock products,India,Production,Bananas,1978,tonnes,4560900,bananas
656,Crops and livestock products,India,Production,Bananas,1979,tonnes,4273500,bananas
657,Crops and livestock products,India,Production,Bananas,1980,tonnes,4354000,bananas
658,Crops and livestock products,India,Production,Bananas,1981,tonnes,4580000,bananas
659,Crops and livestock products,India,Production,Bananas,1982,tonnes,4221300,bananas
660,Crops and livestock products,India,Production,Bananas,1983,tonnes,4647700,bananas
661,Crops and livestock products,India,Production,Bananas,1984,tonnes,5247700,bananas
662,Crops and livestock products,India,Production,Bananas,1985,tonnes,5389800,bananas
663,Crops and livestock products,India,Production,Bananas,1986,tonnes,5714000,bananas
664,Crops and livestock products,India,Production,Bananas,1987,tonnes,5917900,bananas
665,Crops and livestock products,India,Production,Bananas,1988,tonnes,5989900,bananas
666,Crops and livestock products,India,Production,Bananas,1989,tonnes,6409200,bananas
667,Crops and livestock products,India,Production,Bananas,1990,tonnes,7153000,bananas
668,Crops and livestock products,India,Production,Bananas,1991,tonnes,7853100,bananas
669,Crops and livestock products,India,Production,Bananas,1992,tonnes,8523000,bananas
670,Crops and livestock products,India,Production,Bananas,1993,tonnes,9945000,bananas
671,Crops and livestock products,India,Production,Bananas,1994,tonnes,10686000,bananas
672,Crops and livestock products,India,Production,Bananas,1995,tonnes,10182000,bananas
673,Crops and livestock products,India,Production,Bananas,1996,tonnes,10299000,bananas
674,Crops and livestock products,India,Production,Bananas,1997,tonnes,13340000,bananas
675,Crops and livestock products,India,Production,Bananas,1998,tonnes,15100000,bananas
676,Crops and livestock products,India,Production,Bananas,1999,tonnes,16810000,bananas
677,Crops and livestock products,India,Production,Bananas,2000,tonnes,14137300,bananas
678,Crops and livestock products,India,Production,Bananas,2001,tonnes,14209900,bananas
679,Crops and livestock products,India,Production,Bananas,2002,tonnes,13304400,bananas
680,Crops and livestock products,India,Production,Bananas,2003,tonnes,13856600,bananas
681,Crops and livestock products,India,Production,Bananas,2004,tonnes,16744500,bananas
682,Crops and livestock products,India,Production,Bananas,2005,tonnes,18887800,bananas
683,Crops and livestock products,India,Production,Bananas,2006,tonnes,20997800,bananas
684,Crops and livestock products,India,Production,Bananas,2007,tonnes,23823000,bananas
685,Crops and livestock products,India,Production,Bananas,2008,tonnes,26217000,bananas
686,Crops and livestock products,India,Production,Bananas,2009,tonnes,26469500,bananas
687,Crops and livestock products,India,Production,Bananas,2010,tonnes,29780000,bananas
688,Crops and livestock products,India,Production,Bananas,2011,tonnes,28455100,bananas
689,Crops and livestock products,India,Production,Bananas,2012,tonnes,26509000,bananas
690,Crops and livestock products,India,Production,Bananas,2013,tonnes,27575000,bananas
691,Crops and livestock products,India,Production,Bananas,2014,tonnes,29724550,bananas
692,Crops and livestock products,India,Production,Bananas,2015,tonnes,29221000,bananas
693,Crops and livestock products,India,Production,Bananas,2016,tonnes,29135000,bananas
694,Crops and livestock products,India,Production,Bananas,2017,tonnes,30477000,bananas
695,Crops and livestock products,India,Production,Bananas,2018,tonnes,30808000,bananas
812,Crops and livestock products,India,Production,Barley,1961,tonnes,2819000,barley
813,Crops and livestock products,India,Production,Barley,1962,tonnes,3150000,barley
814,Crops and livestock products,India,Production,Barley,1963,tonnes,2420000,barley
815,Crops and livestock products,India,Production,Barley,1964,tonnes,2038000,barley
816,Crops and livestock products,India,Production,Barley,1965,tonnes,2521000,barley
817,Crops and livestock products,India,Production,Barley,1966,tonnes,2382000,barley
818,Crops and livestock products,India,Production,Barley,1967,tonnes,2348400,barley
819,Crops and livestock products,India,Production,Barley,1968,tonnes,3503600,barley
820,Crops and livestock products,India,Production,Barley,1969,tonnes,2423800,barley
821,Crops and livestock products,India,Production,Barley,1970,tonnes,2716300,barley
822,Crops and livestock products,India,Production,Barley,1971,tonnes,2784400,barley
823,Crops and livestock products,India,Production,Barley,1972,tonnes,2577000,barley
824,Crops and livestock products,India,Production,Barley,1973,tonnes,2379100,barley
825,Crops and livestock products,India,Production,Barley,1974,tonnes,2371000,barley
826,Crops and livestock products,India,Production,Barley,1975,tonnes,3134700,barley
827,Crops and livestock products,India,Production,Barley,1976,tonnes,3191900,barley
828,Crops and livestock products,India,Production,Barley,1977,tonnes,2343800,barley
829,Crops and livestock products,India,Production,Barley,1978,tonnes,2311200,barley
830,Crops and livestock products,India,Production,Barley,1979,tonnes,2142000,barley
831,Crops and livestock products,India,Production,Barley,1980,tonnes,1623700,barley
832,Crops and livestock products,India,Production,Barley,1981,tonnes,2293000,barley
833,Crops and livestock products,India,Production,Barley,1982,tonnes,1992600,barley
834,Crops and livestock products,India,Production,Barley,1983,tonnes,1866800,barley
835,Crops and livestock products,India,Production,Barley,1984,tonnes,1834000,barley
836,Crops and livestock products,India,Production,Barley,1985,tonnes,1555900,barley
837,Crops and livestock products,India,Production,Barley,1986,tonnes,1962500,barley
838,Crops and livestock products,India,Production,Barley,1987,tonnes,1669400,barley
839,Crops and livestock products,India,Production,Barley,1988,tonnes,1576800,barley
840,Crops and livestock products,India,Production,Barley,1989,tonnes,1721600,barley
841,Crops and livestock products,India,Production,Barley,1990,tonnes,1485700,barley
842,Crops and livestock products,India,Production,Barley,1991,tonnes,1632400,barley
843,Crops and livestock products,India,Production,Barley,1992,tonnes,1698700,barley
844,Crops and livestock products,India,Production,Barley,1993,tonnes,1512400,barley
845,Crops and livestock products,India,Production,Barley,1994,tonnes,1312700,barley
846,Crops and livestock products,India,Production,Barley,1995,tonnes,1283000,barley
847,Crops and livestock products,India,Production,Barley,1996,tonnes,1510000,barley
848,Crops and livestock products,India,Production,Barley,1997,tonnes,1462000,barley
849,Crops and livestock products,India,Production,Barley,1998,tonnes,1679400,barley
850,Crops and livestock products,India,Production,Barley,1999,tonnes,1537800,barley
851,Crops and livestock products,India,Production,Barley,2000,tonnes,1447000,barley
852,Crops and livestock products,India,Production,Barley,2001,tonnes,1430600,barley
853,Crops and livestock products,India,Production,Barley,2002,tonnes,1424500,barley
854,Crops and livestock products,India,Production,Barley,2003,tonnes,1407400,barley
855,Crops and livestock products,India,Production,Barley,2004,tonnes,1297600,barley
856,Crops and livestock products,India,Production,Barley,2005,tonnes,1207100,barley
857,Crops and livestock products,India,Production,Barley,2006,tonnes,1220600,barley
858,Crops and livestock products,India,Production,Barley,2007,tonnes,1330000,barley
859,Crops and livestock products,India,Production,Barley,2008,tonnes,1200000,barley
860,Crops and livestock products,India,Production,Barley,2009,tonnes,1689100,barley
861,Crops and livestock products,India,Production,Barley,2010,tonnes,1354700,barley
862,Crops and livestock products,India,Production,Barley,2011,tonnes,1662900,barley
863,Crops and livestock products,India,Production,Barley,2012,tonnes,1620000,barley
864,Crops and livestock products,India,Production,Barley,2013,tonnes,1750000,barley
865,Crops and livestock products,India,Production,Barley,2014,tonnes,1830000,barley
866,Crops and livestock products,India,Production,Barley,2015,tonnes,1613000,barley
867,Crops and livestock products,India,Production,Barley,2016,tonnes,1440000,barley
868,Crops and livestock products,India,Production,Barley,2017,tonnes,1747450,barley
869,Crops and livestock products,India,Production,Barley,2018,tonnes,1780810,barley
986,Crops and livestock products,India,Production,"Beans, dry",1961,tonnes,1685627,beans dry
987,Crops and livestock products,India,Production,"Beans, dry",1962,tonnes,1804505,beans dry
988,Crops and livestock products,India,Production,"Beans, dry",1963,tonnes,1825800,beans dry
989,Crops and livestock products,India,Production,"Beans, dry",1964,tonnes,2059400,beans dry
990,Crops and livestock products,India,Production,"Beans, dry",1965,tonnes,1701700,beans dry
991,Crops and livestock products,India,Production,"Beans, dry",1966,tonnes,1688500,beans dry
992,Crops and livestock products,India,Production,"Beans, dry",1967,tonnes,2007100,beans dry
993,Crops and livestock products,India,Production,"Beans, dry",1968,tonnes,1864700,beans dry
994,Crops and livestock products,India,Production,"Beans, dry",1969,tonnes,2014000,beans dry
995,Crops and livestock products,India,Production,"Beans, dry",1970,tonnes,2409000,beans dry
996,Crops and livestock products,India,Production,"Beans, dry",1971,tonnes,2032800,beans dry
997,Crops and livestock products,India,Production,"Beans, dry",1972,tonnes,1747400,beans dry
998,Crops and livestock products,India,Production,"Beans, dry",1973,tonnes,2670300,beans dry
999,Crops and livestock products,India,Production,"Beans, dry",1974,tonnes,2175100,beans dry
1000,Crops and livestock products,India,Production,"Beans, dry",1975,tonnes,2767400,beans dry
1001,Crops and livestock products,India,Production,"Beans, dry",1976,tonnes,2463300,beans dry
1002,Crops and livestock products,India,Production,"Beans, dry",1977,tonnes,2746500,beans dry
1003,Crops and livestock products,India,Production,"Beans, dry",1978,tonnes,2550600,beans dry
1004,Crops and livestock products,India,Production,"Beans, dry",1979,tonnes,1986400,beans dry
1005,Crops and livestock products,India,Production,"Beans, dry",1980,tonnes,2751600,beans dry
1006,Crops and livestock products,India,Production,"Beans, dry",1981,tonnes,2943900,beans dry
1007,Crops and livestock products,India,Production,"Beans, dry",1982,tonnes,2862100,beans dry
1008,Crops and livestock products,India,Production,"Beans, dry",1983,tonnes,3501700,beans dry
1009,Crops and livestock products,India,Production,"Beans, dry",1984,tonnes,3115200,beans dry
1010,Crops and livestock products,India,Production,"Beans, dry",1985,tonnes,3128000,beans dry
1011,Crops and livestock products,India,Production,"Beans, dry",1986,tonnes,3076600,beans dry
1012,Crops and livestock products,India,Production,"Beans, dry",1987,tonnes,3244600,beans dry
1013,Crops and livestock products,India,Production,"Beans, dry",1988,tonnes,4036300,beans dry
1014,Crops and livestock products,India,Production,"Beans, dry",1989,tonnes,3902000,beans dry
1015,Crops and livestock products,India,Production,"Beans, dry",1990,tonnes,4084900,beans dry
1016,Crops and livestock products,India,Production,"Beans, dry",1991,tonnes,3529000,beans dry
1017,Crops and livestock products,India,Production,"Beans, dry",1992,tonnes,3870400,beans dry
1018,Crops and livestock products,India,Production,"Beans, dry",1993,tonnes,3274700,beans dry
1019,Crops and livestock products,India,Production,"Beans, dry",1994,tonnes,3057400,beans dry
1020,Crops and livestock products,India,Production,"Beans, dry",1995,tonnes,3440000,beans dry
1021,Crops and livestock products,India,Production,"Beans, dry",1996,tonnes,3507800,beans dry
1022,Crops and livestock products,India,Production,"Beans, dry",1997,tonnes,2955800,beans dry
1023,Crops and livestock products,India,Production,"Beans, dry",1998,tonnes,2557600,beans dry
1024,Crops and livestock products,India,Production,"Beans, dry",1999,tonnes,2866000,beans dry
1025,Crops and livestock products,India,Production,"Beans, dry",2000,tonnes,2847000,beans dry
1026,Crops and livestock products,India,Production,"Beans, dry",2001,tonnes,3296200,beans dry
1027,Crops and livestock products,India,Production,"Beans, dry",2002,tonnes,2618800,beans dry
1028,Crops and livestock products,India,Production,"Beans, dry",2003,tonnes,4230800,beans dry
1029,Crops and livestock products,India,Production,"Beans, dry",2004,tonnes,2883900,beans dry
1030,Crops and livestock products,India,Production,"Beans, dry",2005,tonnes,2630800,beans dry
1031,Crops and livestock products,India,Production,"Beans, dry",2006,tonnes,3270000,beans dry
1032,Crops and livestock products,India,Production,"Beans, dry",2007,tonnes,3930000,beans dry
1033,Crops and livestock products,India,Production,"Beans, dry",2008,tonnes,3010000,beans dry
1034,Crops and livestock products,India,Production,"Beans, dry",2009,tonnes,2430000,beans dry
1035,Crops and livestock products,India,Production,"Beans, dry",2010,tonnes,4890000,beans dry
1036,Crops and livestock products,India,Production,"Beans, dry",2011,tonnes,4330000,beans dry
1037,Crops and livestock products,India,Production,"Beans, dry",2012,tonnes,3760000,beans dry
1038,Crops and livestock products,India,Production,"Beans, dry",2013,tonnes,4020000,beans dry
1039,Crops and livestock products,India,Production,"Beans, dry",2014,tonnes,4230000,beans dry
1040,Crops and livestock products,India,Production,"Beans, dry",2015,tonnes,4260000,beans dry
1041,Crops and livestock products,India,Production,"Beans, dry",2016,tonnes,5890000,beans dry
1042,Crops and livestock products,India,Production,"Beans, dry",2017,tonnes,6340000,beans dry
1043,Crops and livestock products,India,Production,"Beans, dry",2018,tonnes,6220000,beans dry
1160,Crops and livestock products,India,Production,"Beans, green",1961,tonnes,185000,beans green
1161,Crops and livestock products,India,Production,"Beans, green",1962,tonnes,186000,beans green
1162,Crops and livestock products,India,Production,"Beans, green",1963,tonnes,190000,beans green
1163,Crops and livestock products,India,Production,"Beans, green",1964,tonnes,200000,beans green
1164,Crops and livestock products,India,Production,"Beans, green",1965,tonnes,210000,beans green
1165,Crops and livestock products,India,Production,"Beans, green",1966,tonnes,205000,beans green
1166,Crops and livestock products,India,Production,"Beans, green",1967,tonnes,210000,beans green
1167,Crops and livestock products,India,Production,"Beans, green",1968,tonnes,220000,beans green
1168,Crops and livestock products,India,Production,"Beans, green",1969,tonnes,230000,beans green
1169,Crops and livestock products,India,Production,"Beans, green",1970,tonnes,240000,beans green
1170,Crops and livestock products,India,Production,"Beans, green",1971,tonnes,250000,beans green
1171,Crops and livestock products,India,Production,"Beans, green",1972,tonnes,260000,beans green
1172,Crops and livestock products,India,Production,"Beans, green",1973,tonnes,270000,beans green
1173,Crops and livestock products,India,Production,"Beans, green",1974,tonnes,277000,beans green
1174,Crops and livestock products,India,Production,"Beans, green",1975,tonnes,280000,beans green
1175,Crops and livestock products,India,Production,"Beans, green",1976,tonnes,283000,beans green
1176,Crops and livestock products,India,Production,"Beans, green",1977,tonnes,285000,beans green
1177,Crops and livestock products,India,Production,"Beans, green",1978,tonnes,295000,beans green
1178,Crops and livestock products,India,Production,"Beans, green",1979,tonnes,305000,beans green
1179,Crops and livestock products,India,Production,"Beans, green",1980,tonnes,320000,beans green
1180,Crops and livestock products,India,Production,"Beans, green",1981,tonnes,330000,beans green
1181,Crops and livestock products,India,Production,"Beans, green",1982,tonnes,350000,beans green
1182,Crops and livestock products,India,Production,"Beans, green",1983,tonnes,355000,beans green
1183,Crops and livestock products,India,Production,"Beans, green",1984,tonnes,360000,beans green
1184,Crops and livestock products,India,Production,"Beans, green",1985,tonnes,365000,beans green
1185,Crops and livestock products,India,Production,"Beans, green",1986,tonnes,370000,beans green
1186,Crops and livestock products,India,Production,"Beans, green",1987,tonnes,375000,beans green
1187,Crops and livestock products,India,Production,"Beans, green",1988,tonnes,385000,beans green
1188,Crops and livestock products,India,Production,"Beans, green",1989,tonnes,390000,beans green
1189,Crops and livestock products,India,Production,"Beans, green",1990,tonnes,398084,beans green
1190,Crops and livestock products,India,Production,"Beans, green",1991,tonnes,374000,beans green
1191,Crops and livestock products,India,Production,"Beans, green",1992,tonnes,380000,beans green
1192,Crops and livestock products,India,Production,"Beans, green",1993,tonnes,385000,beans green
1193,Crops and livestock products,India,Production,"Beans, green",1994,tonnes,388000,beans green
1194,Crops and livestock products,India,Production,"Beans, green",1995,tonnes,390000,beans green
1195,Crops and livestock products,India,Production,"Beans, green",1996,tonnes,400000,beans green
1196,Crops and livestock products,India,Production,"Beans, green",1997,tonnes,405349,beans green
1197,Crops and livestock products,India,Production,"Beans, green",1998,tonnes,410000,beans green
1198,Crops and livestock products,India,Production,"Beans, green",1999,tonnes,416734,beans green
1199,Crops and livestock products,India,Production,"Beans, green",2000,tonnes,420000,beans green
1200,Crops and livestock products,India,Production,"Beans, green",2001,tonnes,432626,beans green
1201,Crops and livestock products,India,Production,"Beans, green",2002,tonnes,443108,beans green
1202,Crops and livestock products,India,Production,"Beans, green",2003,tonnes,454062,beans green
1203,Crops and livestock products,India,Production,"Beans, green",2004,tonnes,465352,beans green
1204,Crops and livestock products,India,Production,"Beans, green",2005,tonnes,504808,beans green
1205,Crops and livestock products,India,Production,"Beans, green",2006,tonnes,521490,beans green
1206,Crops and livestock products,India,Production,"Beans, green",2007,tonnes,537780,beans green
1207,Crops and livestock products,India,Production,"Beans, green",2008,tonnes,554346,beans green
1208,Crops and livestock products,India,Production,"Beans, green",2009,tonnes,570534,beans green
1209,Crops and livestock products,India,Production,"Beans, green",2010,tonnes,586127,beans green
1210,Crops and livestock products,India,Production,"Beans, green",2011,tonnes,600978,beans green
1211,Crops and livestock products,India,Production,"Beans, green",2012,tonnes,620000,beans green
1212,Crops and livestock products,India,Production,"Beans, green",2013,tonnes,620000,beans green
1213,Crops and livestock products,India,Production,"Beans, green",2014,tonnes,628502,beans green
1214,Crops and livestock products,India,Production,"Beans, green",2015,tonnes,661863,beans green
1215,Crops and livestock products,India,Production,"Beans, green",2016,tonnes,636789,beans green
1216,Crops and livestock products,India,Production,"Beans, green",2017,tonnes,642385,beans green
1217,Crops and livestock products,India,Production,"Beans, green",2018,tonnes,647012,beans green
1334,Crops and livestock products,India,Production,Cabbages and other brassicas,1961,tonnes,288000,cabbage
1335,Crops and livestock products,India,Production,Cabbages and other brassicas,1962,tonnes,295000,cabbage
1336,Crops and livestock products,India,Production,Cabbages and other brassicas,1963,tonnes,305000,cabbage
1337,Crops and livestock products,India,Production,Cabbages and other brassicas,1964,tonnes,315000,cabbage
1338,Crops and livestock products,India,Production,Cabbages and other brassicas,1965,tonnes,325000,cabbage
1339,Crops and livestock products,India,Production,Cabbages and other brassicas,1966,tonnes,350000,cabbage
1340,Crops and livestock products,India,Production,Cabbages and other brassicas,1967,tonnes,400000,cabbage
1341,Crops and livestock products,India,Production,Cabbages and other brassicas,1968,tonnes,500000,cabbage
1342,Crops and livestock products,India,Production,Cabbages and other brassicas,1969,tonnes,600000,cabbage
1343,Crops and livestock products,India,Production,Cabbages and other brassicas,1970,tonnes,700000,cabbage
1344,Crops and livestock products,India,Production,Cabbages and other brassicas,1971,tonnes,800000,cabbage
1345,Crops and livestock products,India,Production,Cabbages and other brassicas,1972,tonnes,900000,cabbage
1346,Crops and livestock products,India,Production,Cabbages and other brassicas,1973,tonnes,1000000,cabbage
1347,Crops and livestock products,India,Production,Cabbages and other brassicas,1974,tonnes,1100000,cabbage
1348,Crops and livestock products,India,Production,Cabbages and other brassicas,1975,tonnes,1200000,cabbage
1349,Crops and livestock products,India,Production,Cabbages and other brassicas,1976,tonnes,1300000,cabbage
1350,Crops and livestock products,India,Production,Cabbages and other brassicas,1977,tonnes,1400000,cabbage
1351,Crops and livestock products,India,Production,Cabbages and other brassicas,1978,tonnes,1500000,cabbage
1352,Crops and livestock products,India,Production,Cabbages and other brassicas,1979,tonnes,1600000,cabbage
1353,Crops and livestock products,India,Production,Cabbages and other brassicas,1980,tonnes,1700000,cabbage
1354,Crops and livestock products,India,Production,Cabbages and other brassicas,1981,tonnes,1800000,cabbage
1355,Crops and livestock products,India,Production,Cabbages and other brassicas,1982,tonnes,1900000,cabbage
1356,Crops and livestock products,India,Production,Cabbages and other brassicas,1983,tonnes,2000000,cabbage
1357,Crops and livestock products,India,Production,Cabbages and other brassicas,1984,tonnes,2100000,cabbage
1358,Crops and livestock products,India,Production,Cabbages and other brassicas,1985,tonnes,2100000,cabbage
1359,Crops and livestock products,India,Production,Cabbages and other brassicas,1986,tonnes,2200000,cabbage
1360,Crops and livestock products,India,Production,Cabbages and other brassicas,1987,tonnes,2200000,cabbage
1361,Crops and livestock products,India,Production,Cabbages and other brassicas,1988,tonnes,2311789,cabbage
1362,Crops and livestock products,India,Production,Cabbages and other brassicas,1989,tonnes,2341561,cabbage
1363,Crops and livestock products,India,Production,Cabbages and other brassicas,1990,tonnes,2373632,cabbage
1364,Crops and livestock products,India,Production,Cabbages and other brassicas,1991,tonnes,2796431,cabbage
1365,Crops and livestock products,India,Production,Cabbages and other brassicas,1992,tonnes,4357050,cabbage
1366,Crops and livestock products,India,Production,Cabbages and other brassicas,1993,tonnes,3590000,cabbage
1367,Crops and livestock products,India,Production,Cabbages and other brassicas,1994,tonnes,3910000,cabbage
1368,Crops and livestock products,India,Production,Cabbages and other brassicas,1995,tonnes,4262500,cabbage
1369,Crops and livestock products,India,Production,Cabbages and other brassicas,1996,tonnes,4615000,cabbage
1370,Crops and livestock products,India,Production,Cabbages and other brassicas,1997,tonnes,4967500,cabbage
1371,Crops and livestock products,India,Production,Cabbages and other brassicas,1998,tonnes,5320000,cabbage
1372,Crops and livestock products,India,Production,Cabbages and other brassicas,1999,tonnes,5620000,cabbage
1373,Crops and livestock products,India,Production,Cabbages and other brassicas,2000,tonnes,5909400,cabbage
1374,Crops and livestock products,India,Production,Cabbages and other brassicas,2001,tonnes,5506500,cabbage
1375,Crops and livestock products,India,Production,Cabbages and other brassicas,2002,tonnes,5678200,cabbage
1376,Crops and livestock products,India,Production,Cabbages and other brassicas,2003,tonnes,5392000,cabbage
1377,Crops and livestock products,India,Production,Cabbages and other brassicas,2004,tonnes,5594600,cabbage
1378,Crops and livestock products,India,Production,Cabbages and other brassicas,2005,tonnes,6113500,cabbage
1379,Crops and livestock products,India,Production,Cabbages and other brassicas,2006,tonnes,5637300,cabbage
1380,Crops and livestock products,India,Production,Cabbages and other brassicas,2007,tonnes,5584000,cabbage
1381,Crops and livestock products,India,Production,Cabbages and other brassicas,2008,tonnes,5910000,cabbage
1382,Crops and livestock products,India,Production,Cabbages and other brassicas,2009,tonnes,6869600,cabbage
1383,Crops and livestock products,India,Production,Cabbages and other brassicas,2010,tonnes,7281400,cabbage
1384,Crops and livestock products,India,Production,Cabbages and other brassicas,2011,tonnes,7949000,cabbage
1385,Crops and livestock products,India,Production,Cabbages and other brassicas,2012,tonnes,8412000,cabbage
1386,Crops and livestock products,India,Production,Cabbages and other brassicas,2013,tonnes,8534000,cabbage
1387,Crops and livestock products,India,Production,Cabbages and other brassicas,2014,tonnes,9039220,cabbage
1388,Crops and livestock products,India,Production,Cabbages and other brassicas,2015,tonnes,8585000,cabbage
1389,Crops and livestock products,India,Production,Cabbages and other brassicas,2016,tonnes,8806000,cabbage
1390,Crops and livestock products,India,Production,Cabbages and other brassicas,2017,tonnes,8807000,cabbage
1391,Crops and livestock products,India,Production,Cabbages and other brassicas,2018,tonnes,9037000,cabbage
1508,Crops and livestock products,India,Production,Carrots and turnips,1961,tonnes,64000,carrots
1509,Crops and livestock products,India,Production,Carrots and turnips,1962,tonnes,70000,carrots
1510,Crops and livestock products,India,Production,Carrots and turnips,1963,tonnes,74000,carrots
1511,Crops and livestock products,India,Production,Carrots and turnips,1964,tonnes,81000,carrots
1512,Crops and livestock products,India,Production,Carrots and turnips,1965,tonnes,85000,carrots
1513,Crops and livestock products,India,Production,Carrots and turnips,1966,tonnes,92000,carrots
1514,Crops and livestock products,India,Production,Carrots and turnips,1967,tonnes,96000,carrots
1515,Crops and livestock products,India,Production,Carrots and turnips,1968,tonnes,100000,carrots
1516,Crops and livestock products,India,Production,Carrots and turnips,1969,tonnes,110000,carrots
1517,Crops and livestock products,India,Production,Carrots and turnips,1970,tonnes,112000,carrots
1518,Crops and livestock products,India,Production,Carrots and turnips,1971,tonnes,120000,carrots
1519,Crops and livestock products,India,Production,Carrots and turnips,1972,tonnes,124000,carrots
1520,Crops and livestock products,India,Production,Carrots and turnips,1973,tonnes,129000,carrots
1521,Crops and livestock products,India,Production,Carrots and turnips,1974,tonnes,140000,carrots
1522,Crops and livestock products,India,Production,Carrots and turnips,1975,tonnes,143000,carrots
1523,Crops and livestock products,India,Production,Carrots and turnips,1976,tonnes,160000,carrots
1524,Crops and livestock products,India,Production,Carrots and turnips,1977,tonnes,165000,carrots
1525,Crops and livestock products,India,Production,Carrots and turnips,1978,tonnes,170000,carrots
1526,Crops and livestock products,India,Production,Carrots and turnips,1979,tonnes,184000,carrots
1527,Crops and livestock products,India,Production,Carrots and turnips,1980,tonnes,186000,carrots
1528,Crops and livestock products,India,Production,Carrots and turnips,1981,tonnes,188000,carrots
1529,Crops and livestock products,India,Production,Carrots and turnips,1982,tonnes,200000,carrots
1530,Crops and livestock products,India,Production,Carrots and turnips,1983,tonnes,204000,carrots
1531,Crops and livestock products,India,Production,Carrots and turnips,1984,tonnes,227000,carrots
1532,Crops and livestock products,India,Production,Carrots and turnips,1985,tonnes,235000,carrots
1533,Crops and livestock products,India,Production,Carrots and turnips,1986,tonnes,250000,carrots
1534,Crops and livestock products,India,Production,Carrots and turnips,1987,tonnes,260000,carrots
1535,Crops and livestock products,India,Production,Carrots and turnips,1988,tonnes,272000,carrots
1536,Crops and livestock products,India,Production,Carrots and turnips,1989,tonnes,275000,carrots
1537,Crops and livestock products,India,Production,Carrots and turnips,1990,tonnes,280000,carrots
1538,Crops and livestock products,India,Production,Carrots and turnips,1991,tonnes,287000,carrots
1539,Crops and livestock products,India,Production,Carrots and turnips,1992,tonnes,293000,carrots
1540,Crops and livestock products,India,Production,Carrots and turnips,1993,tonnes,295000,carrots
1541,Crops and livestock products,India,Production,Carrots and turnips,1994,tonnes,300319,carrots
1542,Crops and livestock products,India,Production,Carrots and turnips,1995,tonnes,300000,carrots
1543,Crops and livestock products,India,Production,Carrots and turnips,1996,tonnes,320000,carrots
1544,Crops and livestock products,India,Production,Carrots and turnips,1997,tonnes,340000,carrots
1545,Crops and livestock products,India,Production,Carrots and turnips,1998,tonnes,342981,carrots
1546,Crops and livestock products,India,Production,Carrots and turnips,1999,tonnes,350234,carrots
1547,Crops and livestock products,India,Production,Carrots and turnips,2000,tonnes,350000,carrots
1548,Crops and livestock products,India,Production,Carrots and turnips,2001,tonnes,368003,carrots
1549,Crops and livestock products,India,Production,Carrots and turnips,2002,tonnes,380074,carrots
1550,Crops and livestock products,India,Production,Carrots and turnips,2003,tonnes,392405,carrots
1551,Crops and livestock products,India,Production,Carrots and turnips,2004,tonnes,404800,carrots
1552,Crops and livestock products,India,Production,Carrots and turnips,2005,tonnes,419407,carrots
1553,Crops and livestock products,India,Production,Carrots and turnips,2006,tonnes,432546,carrots
1554,Crops and livestock products,India,Production,Carrots and turnips,2007,tonnes,445812,carrots
1555,Crops and livestock products,India,Production,Carrots and turnips,2008,tonnes,459139,carrots
1556,Crops and livestock products,India,Production,Carrots and turnips,2009,tonnes,472473,carrots
1557,Crops and livestock products,India,Production,Carrots and turnips,2010,tonnes,485771,carrots
1558,Crops and livestock products,India,Production,Carrots and turnips,2011,tonnes,498989,carrots
1559,Crops and livestock products,India,Production,Carrots and turnips,2012,tonnes,520000,carrots
1560,Crops and livestock products,India,Production,Carrots and turnips,2013,tonnes,520000,carrots
1561,Crops and livestock products,India,Production,Carrots and turnips,2014,tonnes,533610,carrots
1562,Crops and livestock products,India,Production,Carrots and turnips,2015,tonnes,553911,carrots
1563,Crops and livestock products,India,Production,Carrots and turnips,2016,tonnes,535840,carrots
1564,Crops and livestock products,India,Production,Carrots and turnips,2017,tonnes,541120,carrots
1565,Crops and livestock products,India,Production,Carrots and turnips,2018,tonnes,543624,carrots
1682,Crops and livestock products,India,Production,"Cashew nuts, with shell",1961,tonnes,85000,cashewnuts
1683,Crops and livestock products,India,Production,"Cashew nuts, with shell",1962,tonnes,88000,cashewnuts
1684,Crops and livestock products,India,Production,"Cashew nuts, with shell",1963,tonnes,92000,cashewnuts
1685,Crops and livestock products,India,Production,"Cashew nuts, with shell",1964,tonnes,95000,cashewnuts
1686,Crops and livestock products,India,Production,"Cashew nuts, with shell",1965,tonnes,100000,cashewnuts
1687,Crops and livestock products,India,Production,"Cashew nuts, with shell",1966,tonnes,103818,cashewnuts
1688,Crops and livestock products,India,Production,"Cashew nuts, with shell",1967,tonnes,114182,cashewnuts
1689,Crops and livestock products,India,Production,"Cashew nuts, with shell",1968,tonnes,118542,cashewnuts
1690,Crops and livestock products,India,Production,"Cashew nuts, with shell",1969,tonnes,120438,cashewnuts
1691,Crops and livestock products,India,Production,"Cashew nuts, with shell",1970,tonnes,123319,cashewnuts
1692,Crops and livestock products,India,Production,"Cashew nuts, with shell",1971,tonnes,127223,cashewnuts
1693,Crops and livestock products,India,Production,"Cashew nuts, with shell",1972,tonnes,130000,cashewnuts
1694,Crops and livestock products,India,Production,"Cashew nuts, with shell",1973,tonnes,129766,cashewnuts
1695,Crops and livestock products,India,Production,"Cashew nuts, with shell",1974,tonnes,135451,cashewnuts
1696,Crops and livestock products,India,Production,"Cashew nuts, with shell",1975,tonnes,144254,cashewnuts
1697,Crops and livestock products,India,Production,"Cashew nuts, with shell",1976,tonnes,161536,cashewnuts
1698,Crops and livestock products,India,Production,"Cashew nuts, with shell",1977,tonnes,162457,cashewnuts
1699,Crops and livestock products,India,Production,"Cashew nuts, with shell",1978,tonnes,165323,cashewnuts
1700,Crops and livestock products,India,Production,"Cashew nuts, with shell",1979,tonnes,171817,cashewnuts
1701,Crops and livestock products,India,Production,"Cashew nuts, with shell",1980,tonnes,180266,cashewnuts
1702,Crops and livestock products,India,Production,"Cashew nuts, with shell",1981,tonnes,185250,cashewnuts
1703,Crops and livestock products,India,Production,"Cashew nuts, with shell",1982,tonnes,195760,cashewnuts
1704,Crops and livestock products,India,Production,"Cashew nuts, with shell",1983,tonnes,201440,cashewnuts
1705,Crops and livestock products,India,Production,"Cashew nuts, with shell",1984,tonnes,210870,cashewnuts
1706,Crops and livestock products,India,Production,"Cashew nuts, with shell",1985,tonnes,221330,cashewnuts
1707,Crops and livestock products,India,Production,"Cashew nuts, with shell",1986,tonnes,234480,cashewnuts
1708,Crops and livestock products,India,Production,"Cashew nuts, with shell",1987,tonnes,245580,cashewnuts
1709,Crops and livestock products,India,Production,"Cashew nuts, with shell",1988,tonnes,260260,cashewnuts
1710,Crops and livestock products,India,Production,"Cashew nuts, with shell",1989,tonnes,274330,cashewnuts
1711,Crops and livestock products,India,Production,"Cashew nuts, with shell",1990,tonnes,285590,cashewnuts
1712,Crops and livestock products,India,Production,"Cashew nuts, with shell",1991,tonnes,294590,cashewnuts
1713,Crops and livestock products,India,Production,"Cashew nuts, with shell",1992,tonnes,305310,cashewnuts
1714,Crops and livestock products,India,Production,"Cashew nuts, with shell",1993,tonnes,350000,cashewnuts
1715,Crops and livestock products,India,Production,"Cashew nuts, with shell",1994,tonnes,350000,cashewnuts
1716,Crops and livestock products,India,Production,"Cashew nuts, with shell",1995,tonnes,321640,cashewnuts
1717,Crops and livestock products,India,Production,"Cashew nuts, with shell",1996,tonnes,417830,cashewnuts
1718,Crops and livestock products,India,Production,"Cashew nuts, with shell",1997,tonnes,430000,cashewnuts
1719,Crops and livestock products,India,Production,"Cashew nuts, with shell",1998,tonnes,360000,cashewnuts
1720,Crops and livestock products,India,Production,"Cashew nuts, with shell",1999,tonnes,460000,cashewnuts
1721,Crops and livestock products,India,Production,"Cashew nuts, with shell",2000,tonnes,520000,cashewnuts
1722,Crops and livestock products,India,Production,"Cashew nuts, with shell",2001,tonnes,450000,cashewnuts
1723,Crops and livestock products,India,Production,"Cashew nuts, with shell",2002,tonnes,470000,cashewnuts
1724,Crops and livestock products,India,Production,"Cashew nuts, with shell",2003,tonnes,500000,cashewnuts
1725,Crops and livestock products,India,Production,"Cashew nuts, with shell",2004,tonnes,535000,cashewnuts
1726,Crops and livestock products,India,Production,"Cashew nuts, with shell",2005,tonnes,544000,cashewnuts
1727,Crops and livestock products,India,Production,"Cashew nuts, with shell",2006,tonnes,573000,cashewnuts
1728,Crops and livestock products,India,Production,"Cashew nuts, with shell",2007,tonnes,620000,cashewnuts
1729,Crops and livestock products,India,Production,"Cashew nuts, with shell",2008,tonnes,665000,cashewnuts
1730,Crops and livestock products,India,Production,"Cashew nuts, with shell",2009,tonnes,695000,cashewnuts
1731,Crops and livestock products,India,Production,"Cashew nuts, with shell",2010,tonnes,613000,cashewnuts
1732,Crops and livestock products,India,Production,"Cashew nuts, with shell",2011,tonnes,674600,cashewnuts
1733,Crops and livestock products,India,Production,"Cashew nuts, with shell",2012,tonnes,725000,cashewnuts
1734,Crops and livestock products,India,Production,"Cashew nuts, with shell",2013,tonnes,753000,cashewnuts
1735,Crops and livestock products,India,Production,"Cashew nuts, with shell",2014,tonnes,753000,cashewnuts
1736,Crops and livestock products,India,Production,"Cashew nuts, with shell",2015,tonnes,745000,cashewnuts
1737,Crops and livestock products,India,Production,"Cashew nuts, with shell",2016,tonnes,671000,cashewnuts
1738,Crops and livestock products,India,Production,"Cashew nuts, with shell",2017,tonnes,745000,cashewnuts
1739,Crops and livestock products,India,Production,"Cashew nuts, with shell",2018,tonnes,817000,cashewnuts
1856,Crops and livestock products,India,Production,Cauliflowers and broccoli,1961,tonnes,413000,cauliflower
1857,Crops and livestock products,India,Production,Cauliflowers and broccoli,1962,tonnes,400000,cauliflower
1858,Crops and livestock products,India,Production,Cauliflowers and broccoli,1963,tonnes,410000,cauliflower
1859,Crops and livestock products,India,Production,Cauliflowers and broccoli,1964,tonnes,500000,cauliflower
1860,Crops and livestock products,India,Production,Cauliflowers and broccoli,1965,tonnes,520000,cauliflower
1861,Crops and livestock products,India,Production,Cauliflowers and broccoli,1966,tonnes,600000,cauliflower
1862,Crops and livestock products,India,Production,Cauliflowers and broccoli,1967,tonnes,650000,cauliflower
1863,Crops and livestock products,India,Production,Cauliflowers and broccoli,1968,tonnes,750000,cauliflower
1864,Crops and livestock products,India,Production,Cauliflowers and broccoli,1969,tonnes,900000,cauliflower
1865,Crops and livestock products,India,Production,Cauliflowers and broccoli,1970,tonnes,950000,cauliflower
1866,Crops and livestock products,India,Production,Cauliflowers and broccoli,1971,tonnes,1000000,cauliflower
1867,Crops and livestock products,India,Production,Cauliflowers and broccoli,1972,tonnes,1100000,cauliflower
1868,Crops and livestock products,India,Production,Cauliflowers and broccoli,1973,tonnes,1100000,cauliflower
1869,Crops and livestock products,India,Production,Cauliflowers and broccoli,1974,tonnes,1300000,cauliflower
1870,Crops and livestock products,India,Production,Cauliflowers and broccoli,1975,tonnes,1300000,cauliflower
1871,Crops and livestock products,India,Production,Cauliflowers and broccoli,1976,tonnes,1400000,cauliflower
1872,Crops and livestock products,India,Production,Cauliflowers and broccoli,1977,tonnes,1500000,cauliflower
1873,Crops and livestock products,India,Production,Cauliflowers and broccoli,1978,tonnes,1600000,cauliflower
1874,Crops and livestock products,India,Production,Cauliflowers and broccoli,1979,tonnes,1800000,cauliflower
1875,Crops and livestock products,India,Production,Cauliflowers and broccoli,1980,tonnes,1900000,cauliflower
1876,Crops and livestock products,India,Production,Cauliflowers and broccoli,1981,tonnes,2000000,cauliflower
1877,Crops and livestock products,India,Production,Cauliflowers and broccoli,1982,tonnes,2200000,cauliflower
1878,Crops and livestock products,India,Production,Cauliflowers and broccoli,1983,tonnes,2300000,cauliflower
1879,Crops and livestock products,India,Production,Cauliflowers and broccoli,1984,tonnes,2400000,cauliflower
1880,Crops and livestock products,India,Production,Cauliflowers and broccoli,1985,tonnes,2600000,cauliflower
1881,Crops and livestock products,India,Production,Cauliflowers and broccoli,1986,tonnes,2700000,cauliflower
1882,Crops and livestock products,India,Production,Cauliflowers and broccoli,1987,tonnes,2900000,cauliflower
1883,Crops and livestock products,India,Production,Cauliflowers and broccoli,1988,tonnes,3000000,cauliflower
1884,Crops and livestock products,India,Production,Cauliflowers and broccoli,1989,tonnes,3200000,cauliflower
1885,Crops and livestock products,India,Production,Cauliflowers and broccoli,1990,tonnes,3394897,cauliflower
1886,Crops and livestock products,India,Production,Cauliflowers and broccoli,1991,tonnes,2998061,cauliflower
1887,Crops and livestock products,India,Production,Cauliflowers and broccoli,1992,tonnes,4220053,cauliflower
1888,Crops and livestock products,India,Production,Cauliflowers and broccoli,1993,tonnes,2870000,cauliflower
1889,Crops and livestock products,India,Production,Cauliflowers and broccoli,1994,tonnes,3780000,cauliflower
1890,Crops and livestock products,India,Production,Cauliflowers and broccoli,1995,tonnes,4000000,cauliflower
1891,Crops and livestock products,India,Production,Cauliflowers and broccoli,1996,tonnes,4500000,cauliflower
1892,Crops and livestock products,India,Production,Cauliflowers and broccoli,1997,tonnes,5000000,cauliflower
1893,Crops and livestock products,India,Production,Cauliflowers and broccoli,1998,tonnes,4470000,cauliflower
1894,Crops and livestock products,India,Production,Cauliflowers and broccoli,1999,tonnes,4690000,cauliflower
1895,Crops and livestock products,India,Production,Cauliflowers and broccoli,2000,tonnes,4720000,cauliflower
1896,Crops and livestock products,India,Production,Cauliflowers and broccoli,2001,tonnes,4690000,cauliflower
1897,Crops and livestock products,India,Production,Cauliflowers and broccoli,2002,tonnes,4890000,cauliflower
1898,Crops and livestock products,India,Production,Cauliflowers and broccoli,2003,tonnes,4800000,cauliflower
1899,Crops and livestock products,India,Production,Cauliflowers and broccoli,2004,tonnes,4940200,cauliflower
1900,Crops and livestock products,India,Production,Cauliflowers and broccoli,2005,tonnes,4514800,cauliflower
1901,Crops and livestock products,India,Production,Cauliflowers and broccoli,2006,tonnes,5323100,cauliflower
1902,Crops and livestock products,India,Production,Cauliflowers and broccoli,2007,tonnes,5538000,cauliflower
1903,Crops and livestock products,India,Production,Cauliflowers and broccoli,2008,tonnes,5777000,cauliflower
1904,Crops and livestock products,India,Production,Cauliflowers and broccoli,2009,tonnes,6531900,cauliflower
1905,Crops and livestock products,India,Production,Cauliflowers and broccoli,2010,tonnes,6569000,cauliflower
1906,Crops and livestock products,India,Production,Cauliflowers and broccoli,2011,tonnes,6745000,cauliflower
1907,Crops and livestock products,India,Production,Cauliflowers and broccoli,2012,tonnes,7349000,cauliflower
1908,Crops and livestock products,India,Production,Cauliflowers and broccoli,2013,tonnes,7887000,cauliflower
1909,Crops and livestock products,India,Production,Cauliflowers and broccoli,2014,tonnes,8573280,cauliflower
1910,Crops and livestock products,India,Production,Cauliflowers and broccoli,2015,tonnes,7926000,cauliflower
1911,Crops and livestock products,India,Production,Cauliflowers and broccoli,2016,tonnes,8090000,cauliflower
1912,Crops and livestock products,India,Production,Cauliflowers and broccoli,2017,tonnes,8557000,cauliflower
1913,Crops and livestock products,India,Production,Cauliflowers and broccoli,2018,tonnes,8668000,cauliflower
2030,Crops and livestock products,India,Production,Cherries,1961,tonnes,3000,cherries
2031,Crops and livestock products,India,Production,Cherries,1962,tonnes,3100,cherries
2032,Crops and livestock products,India,Production,Cherries,1963,tonnes,3200,cherries
2033,Crops and livestock products,India,Production,Cherries,1964,tonnes,3300,cherries
2034,Crops and livestock products,India,Production,Cherries,1965,tonnes,3400,cherries
2035,Crops and livestock products,India,Production,Cherries,1966,tonnes,3500,cherries
2036,Crops and livestock products,India,Production,Cherries,1967,tonnes,3600,cherries
2037,Crops and livestock products,India,Production,Cherries,1968,tonnes,3700,cherries
2038,Crops and livestock products,India,Production,Cherries,1969,tonnes,3800,cherries
2039,Crops and livestock products,India,Production,Cherries,1970,tonnes,3900,cherries
2040,Crops and livestock products,India,Production,Cherries,1971,tonnes,4000,cherries
2041,Crops and livestock products,India,Production,Cherries,1972,tonnes,4000,cherries
2042,Crops and livestock products,India,Production,Cherries,1973,tonnes,4000,cherries
2043,Crops and livestock products,India,Production,Cherries,1974,tonnes,4000,cherries
2044,Crops and livestock products,India,Production,Cherries,1975,tonnes,4000,cherries
2045,Crops and livestock products,India,Production,Cherries,1976,tonnes,4000,cherries
2046,Crops and livestock products,India,Production,Cherries,1977,tonnes,4000,cherries
2047,Crops and livestock products,India,Production,Cherries,1978,tonnes,3000,cherries
2048,Crops and livestock products,India,Production,Cherries,1979,tonnes,3000,cherries
2049,Crops and livestock products,India,Production,Cherries,1980,tonnes,2000,cherries
2050,Crops and livestock products,India,Production,Cherries,1981,tonnes,2000,cherries
2051,Crops and livestock products,India,Production,Cherries,1982,tonnes,2000,cherries
2052,Crops and livestock products,India,Production,Cherries,1983,tonnes,3000,cherries
2053,Crops and livestock products,India,Production,Cherries,1984,tonnes,3000,cherries
2054,Crops and livestock products,India,Production,Cherries,1985,tonnes,3000,cherries
2055,Crops and livestock products,India,Production,Cherries,1986,tonnes,1100,cherries
2056,Crops and livestock products,India,Production,Cherries,1987,tonnes,1013,cherries
2057,Crops and livestock products,India,Production,Cherries,1988,tonnes,2000,cherries
2058,Crops and livestock products,India,Production,Cherries,1989,tonnes,3500,cherries
2059,Crops and livestock products,India,Production,Cherries,1990,tonnes,3200,cherries
2060,Crops and livestock products,India,Production,Cherries,1991,tonnes,3700,cherries
2061,Crops and livestock products,India,Production,Cherries,1992,tonnes,3800,cherries
2062,Crops and livestock products,India,Production,Cherries,1993,tonnes,4000,cherries
2063,Crops and livestock products,India,Production,Cherries,1994,tonnes,4200,cherries
2064,Crops and livestock products,India,Production,Cherries,1995,tonnes,4400,cherries
2065,Crops and livestock products,India,Production,Cherries,1996,tonnes,4800,cherries
2066,Crops and livestock products,India,Production,Cherries,1997,tonnes,4900,cherries
2067,Crops and livestock products,India,Production,Cherries,1998,tonnes,5100,cherries
2068,Crops and livestock products,India,Production,Cherries,1999,tonnes,7400,cherries
2069,Crops and livestock products,India,Production,Cherries,2000,tonnes,7800,cherries
2070,Crops and livestock products,India,Production,Cherries,2001,tonnes,8000,cherries
2071,Crops and livestock products,India,Production,Cherries,2002,tonnes,8054,cherries
2072,Crops and livestock products,India,Production,Cherries,2003,tonnes,8301,cherries
2073,Crops and livestock products,India,Production,Cherries,2004,tonnes,8540,cherries
2074,Crops and livestock products,India,Production,Cherries,2005,tonnes,8771,cherries
2075,Crops and livestock products,India,Production,Cherries,2006,tonnes,8917,cherries
2076,Crops and livestock products,India,Production,Cherries,2007,tonnes,9114,cherries
2077,Crops and livestock products,India,Production,Cherries,2008,tonnes,9261,cherries
2078,Crops and livestock products,India,Production,Cherries,2009,tonnes,9374,cherries
2079,Crops and livestock products,India,Production,Cherries,2010,tonnes,9554,cherries
2080,Crops and livestock products,India,Production,Cherries,2011,tonnes,9733,cherries
2081,Crops and livestock products,India,Production,Cherries,2012,tonnes,9898,cherries
2082,Crops and livestock products,India,Production,Cherries,2013,tonnes,9960,cherries
2083,Crops and livestock products,India,Production,Cherries,2014,tonnes,10586,cherries
2084,Crops and livestock products,India,Production,Cherries,2015,tonnes,10945,cherries
2085,Crops and livestock products,India,Production,Cherries,2016,tonnes,10497,cherries
2086,Crops and livestock products,India,Production,Cherries,2017,tonnes,10676,cherries
2087,Crops and livestock products,India,Production,Cherries,2018,tonnes,10706,cherries
2204,Crops and livestock products,India,Production,"Chillies and peppers, dry",1961,tonnes,389000,chilli dry
2205,Crops and livestock products,India,Production,"Chillies and peppers, dry",1962,tonnes,425000,chilli dry
2206,Crops and livestock products,India,Production,"Chillies and peppers, dry",1963,tonnes,490000,chilli dry
2207,Crops and livestock products,India,Production,"Chillies and peppers, dry",1964,tonnes,475000,chilli dry
2208,Crops and livestock products,India,Production,"Chillies and peppers, dry",1965,tonnes,364000,chilli dry
2209,Crops and livestock products,India,Production,"Chillies and peppers, dry",1966,tonnes,418000,chilli dry
2210,Crops and livestock products,India,Production,"Chillies and peppers, dry",1967,tonnes,501000,chilli dry
2211,Crops and livestock products,India,Production,"Chillies and peppers, dry",1968,tonnes,399000,chilli dry
2212,Crops and livestock products,India,Production,"Chillies and peppers, dry",1969,tonnes,395000,chilli dry
2213,Crops and livestock products,India,Production,"Chillies and peppers, dry",1970,tonnes,520400,chilli dry
2214,Crops and livestock products,India,Production,"Chillies and peppers, dry",1971,tonnes,493900,chilli dry
2215,Crops and livestock products,India,Production,"Chillies and peppers, dry",1972,tonnes,411700,chilli dry
2216,Crops and livestock products,India,Production,"Chillies and peppers, dry",1973,tonnes,497000,chilli dry
2217,Crops and livestock products,India,Production,"Chillies and peppers, dry",1974,tonnes,441200,chilli dry
2218,Crops and livestock products,India,Production,"Chillies and peppers, dry",1975,tonnes,526100,chilli dry
2219,Crops and livestock products,India,Production,"Chillies and peppers, dry",1976,tonnes,419400,chilli dry
2220,Crops and livestock products,India,Production,"Chillies and peppers, dry",1977,tonnes,543300,chilli dry
2221,Crops and livestock products,India,Production,"Chillies and peppers, dry",1978,tonnes,565700,chilli dry
2222,Crops and livestock products,India,Production,"Chillies and peppers, dry",1979,tonnes,507600,chilli dry
2223,Crops and livestock products,India,Production,"Chillies and peppers, dry",1980,tonnes,509100,chilli dry
2224,Crops and livestock products,India,Production,"Chillies and peppers, dry",1981,tonnes,514700,chilli dry
2225,Crops and livestock products,India,Production,"Chillies and peppers, dry",1982,tonnes,538900,chilli dry
2226,Crops and livestock products,India,Production,"Chillies and peppers, dry",1983,tonnes,566500,chilli dry
2227,Crops and livestock products,India,Production,"Chillies and peppers, dry",1984,tonnes,630500,chilli dry
2228,Crops and livestock products,India,Production,"Chillies and peppers, dry",1985,tonnes,877400,chilli dry
2229,Crops and livestock products,India,Production,"Chillies and peppers, dry",1986,tonnes,629200,chilli dry
2230,Crops and livestock products,India,Production,"Chillies and peppers, dry",1987,tonnes,579800,chilli dry
2231,Crops and livestock products,India,Production,"Chillies and peppers, dry",1988,tonnes,680000,chilli dry
2232,Crops and livestock products,India,Production,"Chillies and peppers, dry",1989,tonnes,801500,chilli dry
2233,Crops and livestock products,India,Production,"Chillies and peppers, dry",1990,tonnes,719000,chilli dry
2234,Crops and livestock products,India,Production,"Chillies and peppers, dry",1991,tonnes,617500,chilli dry
2235,Crops and livestock products,India,Production,"Chillies and peppers, dry",1992,tonnes,862100,chilli dry
2236,Crops and livestock products,India,Production,"Chillies and peppers, dry",1993,tonnes,800100,chilli dry
2237,Crops and livestock products,India,Production,"Chillies and peppers, dry",1994,tonnes,794700,chilli dry
2238,Crops and livestock products,India,Production,"Chillies and peppers, dry",1995,tonnes,810000,chilli dry
2239,Crops and livestock products,India,Production,"Chillies and peppers, dry",1996,tonnes,1066000,chilli dry
2240,Crops and livestock products,India,Production,"Chillies and peppers, dry",1997,tonnes,870100,chilli dry
2241,Crops and livestock products,India,Production,"Chillies and peppers, dry",1998,tonnes,1043200,chilli dry
2242,Crops and livestock products,India,Production,"Chillies and peppers, dry",1999,tonnes,1052800,chilli dry
2243,Crops and livestock products,India,Production,"Chillies and peppers, dry",2000,tonnes,983700,chilli dry
2244,Crops and livestock products,India,Production,"Chillies and peppers, dry",2001,tonnes,1069000,chilli dry
2245,Crops and livestock products,India,Production,"Chillies and peppers, dry",2002,tonnes,896900,chilli dry
2246,Crops and livestock products,India,Production,"Chillies and peppers, dry",2003,tonnes,1235700,chilli dry
2247,Crops and livestock products,India,Production,"Chillies and peppers, dry",2004,tonnes,1185500,chilli dry
2248,Crops and livestock products,India,Production,"Chillies and peppers, dry",2005,tonnes,1014600,chilli dry
2249,Crops and livestock products,India,Production,"Chillies and peppers, dry",2006,tonnes,1234100,chilli dry
2250,Crops and livestock products,India,Production,"Chillies and peppers, dry",2007,tonnes,1294150,chilli dry
2251,Crops and livestock products,India,Production,"Chillies and peppers, dry",2008,tonnes,1269850,chilli dry
2252,Crops and livestock products,India,Production,"Chillies and peppers, dry",2009,tonnes,1202940,chilli dry
2253,Crops and livestock products,India,Production,"Chillies and peppers, dry",2010,tonnes,1223400,chilli dry
2254,Crops and livestock products,India,Production,"Chillies and peppers, dry",2011,tonnes,1276301,chilli dry
2255,Crops and livestock products,India,Production,"Chillies and peppers, dry",2012,tonnes,1304000,chilli dry
2256,Crops and livestock products,India,Production,"Chillies and peppers, dry",2013,tonnes,1492000,chilli dry
2257,Crops and livestock products,India,Production,"Chillies and peppers, dry",2014,tonnes,1492000,chilli dry
2258,Crops and livestock products,India,Production,"Chillies and peppers, dry",2015,tonnes,1605000,chilli dry
2259,Crops and livestock products,India,Production,"Chillies and peppers, dry",2016,tonnes,1520390,chilli dry
2260,Crops and livestock products,India,Production,"Chillies and peppers, dry",2017,tonnes,2096000,chilli dry
2261,Crops and livestock products,India,Production,"Chillies and peppers, dry",2018,tonnes,2149000,chilli dry
2378,Crops and livestock products,India,Production,"Chillies and peppers, green",1961,tonnes,17000,chilli green
2379,Crops and livestock products,India,Production,"Chillies and peppers, green",1962,tonnes,17200,chilli green
2380,Crops and livestock products,India,Production,"Chillies and peppers, green",1963,tonnes,17300,chilli green
2381,Crops and livestock products,India,Production,"Chillies and peppers, green",1964,tonnes,19000,chilli green
2382,Crops and livestock products,India,Production,"Chillies and peppers, green",1965,tonnes,19200,chilli green
2383,Crops and livestock products,India,Production,"Chillies and peppers, green",1966,tonnes,19800,chilli green
2384,Crops and livestock products,India,Production,"Chillies and peppers, green",1967,tonnes,20150,chilli green
2385,Crops and livestock products,India,Production,"Chillies and peppers, green",1968,tonnes,20200,chilli green
2386,Crops and livestock products,India,Production,"Chillies and peppers, green",1969,tonnes,20800,chilli green
2387,Crops and livestock products,India,Production,"Chillies and peppers, green",1970,tonnes,20900,chilli green
2388,Crops and livestock products,India,Production,"Chillies and peppers, green",1971,tonnes,21000,chilli green
2389,Crops and livestock products,India,Production,"Chillies and peppers, green",1972,tonnes,21400,chilli green
2390,Crops and livestock products,India,Production,"Chillies and peppers, green",1973,tonnes,22500,chilli green
2391,Crops and livestock products,India,Production,"Chillies and peppers, green",1974,tonnes,23400,chilli green
2392,Crops and livestock products,India,Production,"Chillies and peppers, green",1975,tonnes,24100,chilli green
2393,Crops and livestock products,India,Production,"Chillies and peppers, green",1976,tonnes,24300,chilli green
2394,Crops and livestock products,India,Production,"Chillies and peppers, green",1977,tonnes,25400,chilli green
2395,Crops and livestock products,India,Production,"Chillies and peppers, green",1978,tonnes,25550,chilli green
2396,Crops and livestock products,India,Production,"Chillies and peppers, green",1979,tonnes,27000,chilli green
2397,Crops and livestock products,India,Production,"Chillies and peppers, green",1980,tonnes,28500,chilli green
2398,Crops and livestock products,India,Production,"Chillies and peppers, green",1981,tonnes,28600,chilli green
2399,Crops and livestock products,India,Production,"Chillies and peppers, green",1982,tonnes,30800,chilli green
2400,Crops and livestock products,India,Production,"Chillies and peppers, green",1983,tonnes,31600,chilli green
2401,Crops and livestock products,India,Production,"Chillies and peppers, green",1984,tonnes,34500,chilli green
2402,Crops and livestock products,India,Production,"Chillies and peppers, green",1985,tonnes,36000,chilli green
2403,Crops and livestock products,India,Production,"Chillies and peppers, green",1986,tonnes,37800,chilli green
2404,Crops and livestock products,India,Production,"Chillies and peppers, green",1987,tonnes,39000,chilli green
2405,Crops and livestock products,India,Production,"Chillies and peppers, green",1988,tonnes,41400,chilli green
2406,Crops and livestock products,India,Production,"Chillies and peppers, green",1989,tonnes,41500,chilli green
2407,Crops and livestock products,India,Production,"Chillies and peppers, green",1990,tonnes,42000,chilli green
2408,Crops and livestock products,India,Production,"Chillies and peppers, green",1991,tonnes,42230,chilli green
2409,Crops and livestock products,India,Production,"Chillies and peppers, green",1992,tonnes,43000,chilli green
2410,Crops and livestock products,India,Production,"Chillies and peppers, green",1993,tonnes,43500,chilli green
2411,Crops and livestock products,India,Production,"Chillies and peppers, green",1994,tonnes,44000,chilli green
2412,Crops and livestock products,India,Production,"Chillies and peppers, green",1995,tonnes,45500,chilli green
2413,Crops and livestock products,India,Production,"Chillies and peppers, green",1996,tonnes,47000,chilli green
2414,Crops and livestock products,India,Production,"Chillies and peppers, green",1997,tonnes,48000,chilli green
2415,Crops and livestock products,India,Production,"Chillies and peppers, green",1998,tonnes,49000,chilli green
2416,Crops and livestock products,India,Production,"Chillies and peppers, green",1999,tonnes,49413,chilli green
2417,Crops and livestock products,India,Production,"Chillies and peppers, green",2000,tonnes,50000,chilli green
2418,Crops and livestock products,India,Production,"Chillies and peppers, green",2001,tonnes,50500,chilli green
2419,Crops and livestock products,India,Production,"Chillies and peppers, green",2002,tonnes,51344,chilli green
2420,Crops and livestock products,India,Production,"Chillies and peppers, green",2003,tonnes,51643,chilli green
2421,Crops and livestock products,India,Production,"Chillies and peppers, green",2004,tonnes,51984,chilli green
2422,Crops and livestock products,India,Production,"Chillies and peppers, green",2005,tonnes,52355,chilli green
2423,Crops and livestock products,India,Production,"Chillies and peppers, green",2006,tonnes,51000,chilli green
2424,Crops and livestock products,India,Production,"Chillies and peppers, green",2007,tonnes,54822,chilli green
2425,Crops and livestock products,India,Production,"Chillies and peppers, green",2008,tonnes,57014,chilli green
2426,Crops and livestock products,India,Production,"Chillies and peppers, green",2009,tonnes,59433,chilli green
2427,Crops and livestock products,India,Production,"Chillies and peppers, green",2010,tonnes,61939,chilli green
2428,Crops and livestock products,India,Production,"Chillies and peppers, green",2011,tonnes,64350,chilli green
2429,Crops and livestock products,India,Production,"Chillies and peppers, green",2012,tonnes,68000,chilli green
2430,Crops and livestock products,India,Production,"Chillies and peppers, green",2013,tonnes,68000,chilli green
2431,Crops and livestock products,India,Production,"Chillies and peppers, green",2014,tonnes,69615,chilli green
2432,Crops and livestock products,India,Production,"Chillies and peppers, green",2015,tonnes,72849,chilli green
2433,Crops and livestock products,India,Production,"Chillies and peppers, green",2016,tonnes,70155,chilli green
2434,Crops and livestock products,India,Production,"Chillies and peppers, green",2017,tonnes,70873,chilli green
2435,Crops and livestock products,India,Production,"Chillies and peppers, green",2018,tonnes,71292,chilli green
2552,Crops and livestock products,India,Production,Coconuts,1961,tonnes,3328000,coconuts
2553,Crops and livestock products,India,Production,Coconuts,1962,tonnes,3727631,coconuts
2554,Crops and livestock products,India,Production,Coconuts,1963,tonnes,3511000,coconuts
2555,Crops and livestock products,India,Production,Coconuts,1964,tonnes,3746949,coconuts
2556,Crops and livestock products,India,Production,Coconuts,1965,tonnes,3741005,coconuts
2557,Crops and livestock products,India,Production,Coconuts,1966,tonnes,3858000,coconuts
2558,Crops and livestock products,India,Production,Coconuts,1967,tonnes,3953503,coconuts
2559,Crops and livestock products,India,Production,Coconuts,1968,tonnes,4120678,coconuts
2560,Crops and livestock products,India,Production,Coconuts,1969,tonnes,4352494,coconuts
2561,Crops and livestock products,India,Production,Coconuts,1970,tonnes,4514000,coconuts
2562,Crops and livestock products,India,Production,Coconuts,1971,tonnes,4550000,coconuts
2563,Crops and livestock products,India,Production,Coconuts,1972,tonnes,4455920,coconuts
2564,Crops and livestock products,India,Production,Coconuts,1973,tonnes,4346996,coconuts
2565,Crops and livestock products,India,Production,Coconuts,1974,tonnes,4479993,coconuts
2566,Crops and livestock products,India,Production,Coconuts,1975,tonnes,4331244,coconuts
2567,Crops and livestock products,India,Production,Coconuts,1976,tonnes,4284000,coconuts
2568,Crops and livestock products,India,Production,Coconuts,1977,tonnes,4022000,coconuts
2569,Crops and livestock products,India,Production,Coconuts,1978,tonnes,4257000,coconuts
2570,Crops and livestock products,India,Production,Coconuts,1979,tonnes,4188000,coconuts
2571,Crops and livestock products,India,Production,Coconuts,1980,tonnes,4250000,coconuts
2572,Crops and livestock products,India,Production,Coconuts,1981,tonnes,4138500,coconuts
2573,Crops and livestock products,India,Production,Coconuts,1982,tonnes,4767000,coconuts
2574,Crops and livestock products,India,Production,Coconuts,1983,tonnes,4315200,coconuts
2575,Crops and livestock products,India,Production,Coconuts,1984,tonnes,5136200,coconuts
2576,Crops and livestock products,India,Production,Coconuts,1985,tonnes,5030000,coconuts
2577,Crops and livestock products,India,Production,Coconuts,1986,tonnes,4738000,coconuts
2578,Crops and livestock products,India,Production,Coconuts,1987,tonnes,5402000,coconuts
2579,Crops and livestock products,India,Production,Coconuts,1988,tonnes,6346000,coconuts
2580,Crops and livestock products,India,Production,Coconuts,1989,tonnes,6954000,coconuts
2581,Crops and livestock products,India,Production,Coconuts,1990,tonnes,7230000,coconuts
2582,Crops and livestock products,India,Production,Coconuts,1991,tonnes,7500000,coconuts
2583,Crops and livestock products,India,Production,Coconuts,1992,tonnes,8351000,coconuts
2584,Crops and livestock products,India,Production,Coconuts,1993,tonnes,8894000,coconuts
2585,Crops and livestock products,India,Production,Coconuts,1994,tonnes,9881900,coconuts
2586,Crops and livestock products,India,Production,Coconuts,1995,tonnes,9622667,coconuts
2587,Crops and livestock products,India,Production,Coconuts,1996,tonnes,9700000,coconuts
2588,Crops and livestock products,India,Production,Coconuts,1997,tonnes,8990000,coconuts
2589,Crops and livestock products,India,Production,Coconuts,1998,tonnes,8750000,coconuts
2590,Crops and livestock products,India,Production,Coconuts,1999,tonnes,8630000,coconuts
2591,Crops and livestock products,India,Production,Coconuts,2000,tonnes,8350000,coconuts
2592,Crops and livestock products,India,Production,Coconuts,2001,tonnes,8670000,coconuts
2593,Crops and livestock products,India,Production,Coconuts,2002,tonnes,8920000,coconuts
2594,Crops and livestock products,India,Production,Coconuts,2003,tonnes,8630000,coconuts
2595,Crops and livestock products,India,Production,Coconuts,2004,tonnes,8380000,coconuts
2596,Crops and livestock products,India,Production,Coconuts,2005,tonnes,8829000,coconuts
2597,Crops and livestock products,India,Production,Coconuts,2006,tonnes,10190000,coconuts
2598,Crops and livestock products,India,Production,Coconuts,2007,tonnes,10894000,coconuts
2599,Crops and livestock products,India,Production,Coconuts,2008,tonnes,10148300,coconuts
2600,Crops and livestock products,India,Production,Coconuts,2009,tonnes,10824300,coconuts
2601,Crops and livestock products,India,Production,Coconuts,2010,tonnes,10840000,coconuts
2602,Crops and livestock products,India,Production,Coconuts,2011,tonnes,10280000,coconuts
2603,Crops and livestock products,India,Production,Coconuts,2012,tonnes,10560000,coconuts
2604,Crops and livestock products,India,Production,Coconuts,2013,tonnes,11930000,coconuts
2605,Crops and livestock products,India,Production,Coconuts,2014,tonnes,11078873,coconuts
2606,Crops and livestock products,India,Production,Coconuts,2015,tonnes,11209641,coconuts
2607,Crops and livestock products,India,Production,Coconuts,2016,tonnes,11344306,coconuts
2608,Crops and livestock products,India,Production,Coconuts,2017,tonnes,11166772,coconuts
2609,Crops and livestock products,India,Production,Coconuts,2018,tonnes,16413000,coconuts
2726,Crops and livestock products,India,Production,"Coffee, green",1961,tonnes,43200,coffee
2727,Crops and livestock products,India,Production,"Coffee, green",1962,tonnes,46000,coffee
2728,Crops and livestock products,India,Production,"Coffee, green",1963,tonnes,56200,coffee
2729,Crops and livestock products,India,Production,"Coffee, green",1964,tonnes,69300,coffee
2730,Crops and livestock products,India,Production,"Coffee, green",1965,tonnes,60900,coffee
2731,Crops and livestock products,India,Production,"Coffee, green",1966,tonnes,63900,coffee
2732,Crops and livestock products,India,Production,"Coffee, green",1967,tonnes,78500,coffee
2733,Crops and livestock products,India,Production,"Coffee, green",1968,tonnes,57331,coffee
2734,Crops and livestock products,India,Production,"Coffee, green",1969,tonnes,73430,coffee
2735,Crops and livestock products,India,Production,"Coffee, green",1970,tonnes,63619,coffee
2736,Crops and livestock products,India,Production,"Coffee, green",1971,tonnes,110231,coffee
2737,Crops and livestock products,India,Production,"Coffee, green",1972,tonnes,68948,coffee
2738,Crops and livestock products,India,Production,"Coffee, green",1973,tonnes,91072,coffee
2739,Crops and livestock products,India,Production,"Coffee, green",1974,tonnes,86388,coffee
2740,Crops and livestock products,India,Production,"Coffee, green",1975,tonnes,92506,coffee
2741,Crops and livestock products,India,Production,"Coffee, green",1976,tonnes,84000,coffee
2742,Crops and livestock products,India,Production,"Coffee, green",1977,tonnes,102300,coffee
2743,Crops and livestock products,India,Production,"Coffee, green",1978,tonnes,125000,coffee
2744,Crops and livestock products,India,Production,"Coffee, green",1979,tonnes,110488,coffee
2745,Crops and livestock products,India,Production,"Coffee, green",1980,tonnes,149835,coffee
2746,Crops and livestock products,India,Production,"Coffee, green",1981,tonnes,118600,coffee
2747,Crops and livestock products,India,Production,"Coffee, green",1982,tonnes,152100,coffee
2748,Crops and livestock products,India,Production,"Coffee, green",1983,tonnes,130000,coffee
2749,Crops and livestock products,India,Production,"Coffee, green",1984,tonnes,105029,coffee
2750,Crops and livestock products,India,Production,"Coffee, green",1985,tonnes,195100,coffee
2751,Crops and livestock products,India,Production,"Coffee, green",1986,tonnes,122400,coffee
2752,Crops and livestock products,India,Production,"Coffee, green",1987,tonnes,192100,coffee
2753,Crops and livestock products,India,Production,"Coffee, green",1988,tonnes,122700,coffee
2754,Crops and livestock products,India,Production,"Coffee, green",1989,tonnes,214700,coffee
2755,Crops and livestock products,India,Production,"Coffee, green",1990,tonnes,118100,coffee
2756,Crops and livestock products,India,Production,"Coffee, green",1991,tonnes,170000,coffee
2757,Crops and livestock products,India,Production,"Coffee, green",1992,tonnes,180000,coffee
2758,Crops and livestock products,India,Production,"Coffee, green",1993,tonnes,162000,coffee
2759,Crops and livestock products,India,Production,"Coffee, green",1994,tonnes,208000,coffee
2760,Crops and livestock products,India,Production,"Coffee, green",1995,tonnes,180000,coffee
2761,Crops and livestock products,India,Production,"Coffee, green",1996,tonnes,223000,coffee
2762,Crops and livestock products,India,Production,"Coffee, green",1997,tonnes,205000,coffee
2763,Crops and livestock products,India,Production,"Coffee, green",1998,tonnes,228000,coffee
2764,Crops and livestock products,India,Production,"Coffee, green",1999,tonnes,265000,coffee
2765,Crops and livestock products,India,Production,"Coffee, green",2000,tonnes,292000,coffee
2766,Crops and livestock products,India,Production,"Coffee, green",2001,tonnes,301000,coffee
2767,Crops and livestock products,India,Production,"Coffee, green",2002,tonnes,301000,coffee
2768,Crops and livestock products,India,Production,"Coffee, green",2003,tonnes,275275,coffee
2769,Crops and livestock products,India,Production,"Coffee, green",2004,tonnes,270500,coffee
2770,Crops and livestock products,India,Production,"Coffee, green",2005,tonnes,275500,coffee
2771,Crops and livestock products,India,Production,"Coffee, green",2006,tonnes,274000,coffee
2772,Crops and livestock products,India,Production,"Coffee, green",2007,tonnes,288000,coffee
2773,Crops and livestock products,India,Production,"Coffee, green",2008,tonnes,262000,coffee
2774,Crops and livestock products,India,Production,"Coffee, green",2009,tonnes,262300,coffee
2775,Crops and livestock products,India,Production,"Coffee, green",2010,tonnes,289600,coffee
2776,Crops and livestock products,India,Production,"Coffee, green",2011,tonnes,302000,coffee
2777,Crops and livestock products,India,Production,"Coffee, green",2012,tonnes,314000,coffee
2778,Crops and livestock products,India,Production,"Coffee, green",2013,tonnes,318200,coffee
2779,Crops and livestock products,India,Production,"Coffee, green",2014,tonnes,304500,coffee
2780,Crops and livestock products,India,Production,"Coffee, green",2015,tonnes,327000,coffee
2781,Crops and livestock products,India,Production,"Coffee, green",2016,tonnes,348000,coffee
2782,Crops and livestock products,India,Production,"Coffee, green",2017,tonnes,312000,coffee
2783,Crops and livestock products,India,Production,"Coffee, green",2018,tonnes,316000,coffee
2900,Crops and livestock products,India,Production,Cucumbers and gherkins,1961,tonnes,26000,cucumber
2901,Crops and livestock products,India,Production,Cucumbers and gherkins,1962,tonnes,29500,cucumber
2902,Crops and livestock products,India,Production,Cucumbers and gherkins,1963,tonnes,31500,cucumber
2903,Crops and livestock products,India,Production,Cucumbers and gherkins,1964,tonnes,34000,cucumber
2904,Crops and livestock products,India,Production,Cucumbers and gherkins,1965,tonnes,38000,cucumber
2905,Crops and livestock products,India,Production,Cucumbers and gherkins,1966,tonnes,40000,cucumber
2906,Crops and livestock products,India,Production,Cucumbers and gherkins,1967,tonnes,42000,cucumber
2907,Crops and livestock products,India,Production,Cucumbers and gherkins,1968,tonnes,44000,cucumber
2908,Crops and livestock products,India,Production,Cucumbers and gherkins,1969,tonnes,46000,cucumber
2909,Crops and livestock products,India,Production,Cucumbers and gherkins,1970,tonnes,50000,cucumber
2910,Crops and livestock products,India,Production,Cucumbers and gherkins,1971,tonnes,51000,cucumber
2911,Crops and livestock products,India,Production,Cucumbers and gherkins,1972,tonnes,53000,cucumber
2912,Crops and livestock products,India,Production,Cucumbers and gherkins,1973,tonnes,58000,cucumber
2913,Crops and livestock products,India,Production,Cucumbers and gherkins,1974,tonnes,59000,cucumber
2914,Crops and livestock products,India,Production,Cucumbers and gherkins,1975,tonnes,61000,cucumber
2915,Crops and livestock products,India,Production,Cucumbers and gherkins,1976,tonnes,62600,cucumber
2916,Crops and livestock products,India,Production,Cucumbers and gherkins,1977,tonnes,64000,cucumber
2917,Crops and livestock products,India,Production,Cucumbers and gherkins,1978,tonnes,69000,cucumber
2918,Crops and livestock products,India,Production,Cucumbers and gherkins,1979,tonnes,72000,cucumber
2919,Crops and livestock products,India,Production,Cucumbers and gherkins,1980,tonnes,74000,cucumber
2920,Crops and livestock products,India,Production,Cucumbers and gherkins,1981,tonnes,80500,cucumber
2921,Crops and livestock products,India,Production,Cucumbers and gherkins,1982,tonnes,83700,cucumber
2922,Crops and livestock products,India,Production,Cucumbers and gherkins,1983,tonnes,87000,cucumber
2923,Crops and livestock products,India,Production,Cucumbers and gherkins,1984,tonnes,91000,cucumber
2924,Crops and livestock products,India,Production,Cucumbers and gherkins,1985,tonnes,91500,cucumber
2925,Crops and livestock products,India,Production,Cucumbers and gherkins,1986,tonnes,93000,cucumber
2926,Crops and livestock products,India,Production,Cucumbers and gherkins,1987,tonnes,93500,cucumber
2927,Crops and livestock products,India,Production,Cucumbers and gherkins,1988,tonnes,95000,cucumber
2928,Crops and livestock products,India,Production,Cucumbers and gherkins,1989,tonnes,98000,cucumber
2929,Crops and livestock products,India,Production,Cucumbers and gherkins,1990,tonnes,102000,cucumber
2930,Crops and livestock products,India,Production,Cucumbers and gherkins,1991,tonnes,105690,cucumber
2931,Crops and livestock products,India,Production,Cucumbers and gherkins,1992,tonnes,109000,cucumber
2932,Crops and livestock products,India,Production,Cucumbers and gherkins,1993,tonnes,111000,cucumber
2933,Crops and livestock products,India,Production,Cucumbers and gherkins,1994,tonnes,113000,cucumber
2934,Crops and livestock products,India,Production,Cucumbers and gherkins,1995,tonnes,114000,cucumber
2935,Crops and livestock products,India,Production,Cucumbers and gherkins,1996,tonnes,115000,cucumber
2936,Crops and livestock products,India,Production,Cucumbers and gherkins,1997,tonnes,116000,cucumber
2937,Crops and livestock products,India,Production,Cucumbers and gherkins,1998,tonnes,117000,cucumber
2938,Crops and livestock products,India,Production,Cucumbers and gherkins,1999,tonnes,118000,cucumber
2939,Crops and livestock products,India,Production,Cucumbers and gherkins,2000,tonnes,119000,cucumber
2940,Crops and livestock products,India,Production,Cucumbers and gherkins,2001,tonnes,120000,cucumber
2941,Crops and livestock products,India,Production,Cucumbers and gherkins,2002,tonnes,122502,cucumber
2942,Crops and livestock products,India,Production,Cucumbers and gherkins,2003,tonnes,125142,cucumber
2943,Crops and livestock products,India,Production,Cucumbers and gherkins,2004,tonnes,127950,cucumber
2944,Crops and livestock products,India,Production,Cucumbers and gherkins,2005,tonnes,130894,cucumber
2945,Crops and livestock products,India,Production,Cucumbers and gherkins,2006,tonnes,141576,cucumber
2946,Crops and livestock products,India,Production,Cucumbers and gherkins,2007,tonnes,145968,cucumber
2947,Crops and livestock products,India,Production,Cucumbers and gherkins,2008,tonnes,150639,cucumber
2948,Crops and livestock products,India,Production,Cucumbers and gherkins,2009,tonnes,155271,cucumber
2949,Crops and livestock products,India,Production,Cucumbers and gherkins,2010,tonnes,159596,cucumber
2950,Crops and livestock products,India,Production,Cucumbers and gherkins,2011,tonnes,163556,cucumber
2951,Crops and livestock products,India,Production,Cucumbers and gherkins,2012,tonnes,168000,cucumber
2952,Crops and livestock products,India,Production,Cucumbers and gherkins,2013,tonnes,168000,cucumber
2953,Crops and livestock products,India,Production,Cucumbers and gherkins,2014,tonnes,169475,cucumber
2954,Crops and livestock products,India,Production,Cucumbers and gherkins,2015,tonnes,180568,cucumber
2955,Crops and livestock products,India,Production,Cucumbers and gherkins,2016,tonnes,172681,cucumber
2956,Crops and livestock products,India,Production,Cucumbers and gherkins,2017,tonnes,174241,cucumber
2957,Crops and livestock products,India,Production,Cucumbers and gherkins,2018,tonnes,175830,cucumber
3074,Crops and livestock products,India,Production,Eggplants (aubergines),1961,tonnes,990000,eggplant
3075,Crops and livestock products,India,Production,Eggplants (aubergines),1962,tonnes,1050000,eggplant
3076,Crops and livestock products,India,Production,Eggplants (aubergines),1963,tonnes,1100000,eggplant
3077,Crops and livestock products,India,Production,Eggplants (aubergines),1964,tonnes,1150000,eggplant
3078,Crops and livestock products,India,Production,Eggplants (aubergines),1965,tonnes,1200000,eggplant
3079,Crops and livestock products,India,Production,Eggplants (aubergines),1966,tonnes,1230000,eggplant
3080,Crops and livestock products,India,Production,Eggplants (aubergines),1967,tonnes,1300000,eggplant
3081,Crops and livestock products,India,Production,Eggplants (aubergines),1968,tonnes,1365000,eggplant
3082,Crops and livestock products,India,Production,Eggplants (aubergines),1969,tonnes,1400000,eggplant
3083,Crops and livestock products,India,Production,Eggplants (aubergines),1970,tonnes,1480000,eggplant
3084,Crops and livestock products,India,Production,Eggplants (aubergines),1971,tonnes,1540000,eggplant
3085,Crops and livestock products,India,Production,Eggplants (aubergines),1972,tonnes,1585000,eggplant
3086,Crops and livestock products,India,Production,Eggplants (aubergines),1973,tonnes,1635000,eggplant
3087,Crops and livestock products,India,Production,Eggplants (aubergines),1974,tonnes,1660000,eggplant
3088,Crops and livestock products,India,Production,Eggplants (aubergines),1975,tonnes,1700000,eggplant
3089,Crops and livestock products,India,Production,Eggplants (aubergines),1976,tonnes,1760000,eggplant
3090,Crops and livestock products,India,Production,Eggplants (aubergines),1977,tonnes,1810000,eggplant
3091,Crops and livestock products,India,Production,Eggplants (aubergines),1978,tonnes,1880000,eggplant
3092,Crops and livestock products,India,Production,Eggplants (aubergines),1979,tonnes,1940000,eggplant
3093,Crops and livestock products,India,Production,Eggplants (aubergines),1980,tonnes,2000000,eggplant
3094,Crops and livestock products,India,Production,Eggplants (aubergines),1981,tonnes,2180000,eggplant
3095,Crops and livestock products,India,Production,Eggplants (aubergines),1982,tonnes,2300000,eggplant
3096,Crops and livestock products,India,Production,Eggplants (aubergines),1983,tonnes,2360000,eggplant
3097,Crops and livestock products,India,Production,Eggplants (aubergines),1984,tonnes,2480000,eggplant
3098,Crops and livestock products,India,Production,Eggplants (aubergines),1985,tonnes,2550000,eggplant
3099,Crops and livestock products,India,Production,Eggplants (aubergines),1986,tonnes,2660000,eggplant
3100,Crops and livestock products,India,Production,Eggplants (aubergines),1987,tonnes,2775000,eggplant
3101,Crops and livestock products,India,Production,Eggplants (aubergines),1988,tonnes,2870000,eggplant
3102,Crops and livestock products,India,Production,Eggplants (aubergines),1989,tonnes,2960000,eggplant
3103,Crops and livestock products,India,Production,Eggplants (aubergines),1990,tonnes,3000000,eggplant
3104,Crops and livestock products,India,Production,Eggplants (aubergines),1991,tonnes,3124000,eggplant
3105,Crops and livestock products,India,Production,Eggplants (aubergines),1992,tonnes,2753000,eggplant
3106,Crops and livestock products,India,Production,Eggplants (aubergines),1993,tonnes,5011000,eggplant
3107,Crops and livestock products,India,Production,Eggplants (aubergines),1994,tonnes,4420000,eggplant
3108,Crops and livestock products,India,Production,Eggplants (aubergines),1995,tonnes,6230000,eggplant
3109,Crops and livestock products,India,Production,Eggplants (aubergines),1996,tonnes,6000000,eggplant
3110,Crops and livestock products,India,Production,Eggplants (aubergines),1997,tonnes,6100000,eggplant
3111,Crops and livestock products,India,Production,Eggplants (aubergines),1998,tonnes,7740000,eggplant
3112,Crops and livestock products,India,Production,Eggplants (aubergines),1999,tonnes,7880000,eggplant
3113,Crops and livestock products,India,Production,Eggplants (aubergines),2000,tonnes,8120000,eggplant
3114,Crops and livestock products,India,Production,Eggplants (aubergines),2001,tonnes,7700000,eggplant
3115,Crops and livestock products,India,Production,Eggplants (aubergines),2002,tonnes,8350000,eggplant
3116,Crops and livestock products,India,Production,Eggplants (aubergines),2003,tonnes,7830000,eggplant
3117,Crops and livestock products,India,Production,Eggplants (aubergines),2004,tonnes,8477300,eggplant
3118,Crops and livestock products,India,Production,Eggplants (aubergines),2005,tonnes,8600800,eggplant
3119,Crops and livestock products,India,Production,Eggplants (aubergines),2006,tonnes,9364300,eggplant
3120,Crops and livestock products,India,Production,Eggplants (aubergines),2007,tonnes,9453000,eggplant
3121,Crops and livestock products,India,Production,Eggplants (aubergines),2008,tonnes,9678000,eggplant
3122,Crops and livestock products,India,Production,Eggplants (aubergines),2009,tonnes,10377600,eggplant
3123,Crops and livestock products,India,Production,Eggplants (aubergines),2010,tonnes,10563000,eggplant
3124,Crops and livestock products,India,Production,Eggplants (aubergines),2011,tonnes,11896000,eggplant
3125,Crops and livestock products,India,Production,Eggplants (aubergines),2012,tonnes,12634000,eggplant
3126,Crops and livestock products,India,Production,Eggplants (aubergines),2013,tonnes,13444000,eggplant
3127,Crops and livestock products,India,Production,Eggplants (aubergines),2014,tonnes,13557820,eggplant
3128,Crops and livestock products,India,Production,Eggplants (aubergines),2015,tonnes,12589000,eggplant
3129,Crops and livestock products,India,Production,Eggplants (aubergines),2016,tonnes,12515000,eggplant
3130,Crops and livestock products,India,Production,Eggplants (aubergines),2017,tonnes,12510000,eggplant
3131,Crops and livestock products,India,Production,Eggplants (aubergines),2018,tonnes,12801000,eggplant
3248,Crops and livestock products,India,Production,"Anise, badian, fennel, coriander",1961,tonnes,45000,fennel coriander
3249,Crops and livestock products,India,Production,"Anise, badian, fennel, coriander",1962,tonnes,45000,fennel coriander
3250,Crops and livestock products,India,Production,"Anise, badian, fennel, coriander",1963,tonnes,50000,fennel coriander
3251,Crops and livestock products,India,Production,"Anise, badian, fennel, coriander",1964,tonnes,50000,fennel coriander
3252,Crops and livestock products,India,Production,"Anise, badian, fennel, coriander",1965,tonnes,50000,fennel coriander
3253,Crops and livestock products,India,Production,"Anise, badian, fennel, coriander",1966,tonnes,48000,fennel coriander
3254,Crops and livestock products,India,Production,"Anise, badian, fennel, coriander",1967,tonnes,48000,fennel coriander
3255,Crops and livestock products,India,Production,"Anise, badian, fennel, coriander",1968,tonnes,48000,fennel coriander
3256,Crops and livestock products,India,Production,"Anise, badian, fennel, coriander",1969,tonnes,43000,fennel coriander
3257,Crops and livestock products,India,Production,"Anise, badian, fennel, coriander",1970,tonnes,43000,fennel coriander
3258,Crops and livestock products,India,Production,"Anise, badian, fennel, coriander",1971,tonnes,43000,fennel coriander
3259,Crops and livestock products,India,Production,"Anise, badian, fennel, coriander",1972,tonnes,45000,fennel coriander
3260,Crops and livestock products,India,Production,"Anise, badian, fennel, coriander",1973,tonnes,45000,fennel coriander
3261,Crops and livestock products,India,Production,"Anise, badian, fennel, coriander",1974,tonnes,45000,fennel coriander
3262,Crops and livestock products,India,Production,"Anise, badian, fennel, coriander",1975,tonnes,45164,fennel coriander
3263,Crops and livestock products,India,Production,"Anise, badian, fennel, coriander",1976,tonnes,69869,fennel coriander
3264,Crops and livestock products,India,Production,"Anise, badian, fennel, coriander",1977,tonnes,110462,fennel coriander
3265,Crops and livestock products,India,Production,"Anise, badian, fennel, coriander",1978,tonnes,101387,fennel coriander
3266,Crops and livestock products,India,Production,"Anise, badian, fennel, coriander",1979,tonnes,92414,fennel coriander
3267,Crops and livestock products,India,Production,"Anise, badian, fennel, coriander",1980,tonnes,102404,fennel coriander
3268,Crops and livestock products,India,Production,"Anise, badian, fennel, coriander",1981,tonnes,57277,fennel coriander
3269,Crops and livestock products,India,Production,"Anise, badian, fennel, coriander",1982,tonnes,75978,fennel coriander
3270,Crops and livestock products,India,Production,"Anise, badian, fennel, coriander",1983,tonnes,116173,fennel coriander
3271,Crops and livestock products,India,Production,"Anise, badian, fennel, coriander",1984,tonnes,74223,fennel coriander
3272,Crops and livestock products,India,Production,"Anise, badian, fennel, coriander",1985,tonnes,45885,fennel coriander
3273,Crops and livestock products,India,Production,"Anise, badian, fennel, coriander",1986,tonnes,50263,fennel coriander
3274,Crops and livestock products,India,Production,"Anise, badian, fennel, coriander",1987,tonnes,55258,fennel coriander
3275,Crops and livestock products,India,Production,"Anise, badian, fennel, coriander",1988,tonnes,130922,fennel coriander
3276,Crops and livestock products,India,Production,"Anise, badian, fennel, coriander",1989,tonnes,67593,fennel coriander
3277,Crops and livestock products,India,Production,"Anise, badian, fennel, coriander",1990,tonnes,89343,fennel coriander
3278,Crops and livestock products,India,Production,"Anise, badian, fennel, coriander",1991,tonnes,89749,fennel coriander
3279,Crops and livestock products,India,Production,"Anise, badian, fennel, coriander",1992,tonnes,154200,fennel coriander
3280,Crops and livestock products,India,Production,"Anise, badian, fennel, coriander",1993,tonnes,179637,fennel coriander
3281,Crops and livestock products,India,Production,"Anise, badian, fennel, coriander",1994,tonnes,108812,fennel coriander
3282,Crops and livestock products,India,Production,"Anise, badian, fennel, coriander",1995,tonnes,110000,fennel coriander
3283,Crops and livestock products,India,Production,"Anise, badian, fennel, coriander",1996,tonnes,131516,fennel coriander
3284,Crops and livestock products,India,Production,"Anise, badian, fennel, coriander",1997,tonnes,148917,fennel coriander
3285,Crops and livestock products,India,Production,"Anise, badian, fennel, coriander",1998,tonnes,161065,fennel coriander
3286,Crops and livestock products,India,Production,"Anise, badian, fennel, coriander",1999,tonnes,173088,fennel coriander
3287,Crops and livestock products,India,Production,"Anise, badian, fennel, coriander",2000,tonnes,166692,fennel coriander
3288,Crops and livestock products,India,Production,"Anise, badian, fennel, coriander",2001,tonnes,244943,fennel coriander
3289,Crops and livestock products,India,Production,"Anise, badian, fennel, coriander",2002,tonnes,162362,fennel coriander
3290,Crops and livestock products,India,Production,"Anise, badian, fennel, coriander",2003,tonnes,254737,fennel coriander
3291,Crops and livestock products,India,Production,"Anise, badian, fennel, coriander",2004,tonnes,227099,fennel coriander
3292,Crops and livestock products,India,Production,"Anise, badian, fennel, coriander",2005,tonnes,261170,fennel coriander
3293,Crops and livestock products,India,Production,"Anise, badian, fennel, coriander",2006,tonnes,268776,fennel coriander
3294,Crops and livestock products,India,Production,"Anise, badian, fennel, coriander",2007,tonnes,396517,fennel coriander
3295,Crops and livestock products,India,Production,"Anise, badian, fennel, coriander",2008,tonnes,397286,fennel coriander
3296,Crops and livestock products,India,Production,"Anise, badian, fennel, coriander",2009,tonnes,392379,fennel coriander
3297,Crops and livestock products,India,Production,"Anise, badian, fennel, coriander",2010,tonnes,419600,fennel coriander
3298,Crops and livestock products,India,Production,"Anise, badian, fennel, coriander",2011,tonnes,537277,fennel coriander
3299,Crops and livestock products,India,Production,"Anise, badian, fennel, coriander",2012,tonnes,537330,fennel coriander
3300,Crops and livestock products,India,Production,"Anise, badian, fennel, coriander",2013,tonnes,546173,fennel coriander
3301,Crops and livestock products,India,Production,"Anise, badian, fennel, coriander",2014,tonnes,584000,fennel coriander
3302,Crops and livestock products,India,Production,"Anise, badian, fennel, coriander",2015,tonnes,546000,fennel coriander
3303,Crops and livestock products,India,Production,"Anise, badian, fennel, coriander",2016,tonnes,632000,fennel coriander
3304,Crops and livestock products,India,Production,"Anise, badian, fennel, coriander",2017,tonnes,1529000,fennel coriander
3305,Crops and livestock products,India,Production,"Anise, badian, fennel, coriander",2018,tonnes,1503000,fennel coriander
3422,Crops and livestock products,India,Production,Garlic,1961,tonnes,130000,garlic
3423,Crops and livestock products,India,Production,Garlic,1962,tonnes,137000,garlic
3424,Crops and livestock products,India,Production,Garlic,1963,tonnes,144000,garlic
3425,Crops and livestock products,India,Production,Garlic,1964,tonnes,126000,garlic
3426,Crops and livestock products,India,Production,Garlic,1965,tonnes,108000,garlic
3427,Crops and livestock products,India,Production,Garlic,1966,tonnes,100000,garlic
3428,Crops and livestock products,India,Production,Garlic,1967,tonnes,100000,garlic
3429,Crops and livestock products,India,Production,Garlic,1968,tonnes,100000,garlic
3430,Crops and livestock products,India,Production,Garlic,1969,tonnes,100000,garlic
3431,Crops and livestock products,India,Production,Garlic,1970,tonnes,100000,garlic
3432,Crops and livestock products,India,Production,Garlic,1971,tonnes,110000,garlic
3433,Crops and livestock products,India,Production,Garlic,1972,tonnes,110000,garlic
3434,Crops and livestock products,India,Production,Garlic,1973,tonnes,120000,garlic
3435,Crops and livestock products,India,Production,Garlic,1974,tonnes,83600,garlic
3436,Crops and livestock products,India,Production,Garlic,1975,tonnes,140600,garlic
3437,Crops and livestock products,India,Production,Garlic,1976,tonnes,129600,garlic
3438,Crops and livestock products,India,Production,Garlic,1977,tonnes,133300,garlic
3439,Crops and livestock products,India,Production,Garlic,1978,tonnes,167200,garlic
3440,Crops and livestock products,India,Production,Garlic,1979,tonnes,205600,garlic
3441,Crops and livestock products,India,Production,Garlic,1980,tonnes,216000,garlic
3442,Crops and livestock products,India,Production,Garlic,1981,tonnes,229700,garlic
3443,Crops and livestock products,India,Production,Garlic,1982,tonnes,245000,garlic
3444,Crops and livestock products,India,Production,Garlic,1983,tonnes,311000,garlic
3445,Crops and livestock products,India,Production,Garlic,1984,tonnes,268700,garlic
3446,Crops and livestock products,India,Production,Garlic,1985,tonnes,189600,garlic
3447,Crops and livestock products,India,Production,Garlic,1986,tonnes,208200,garlic
3448,Crops and livestock products,India,Production,Garlic,1987,tonnes,318600,garlic
3449,Crops and livestock products,India,Production,Garlic,1988,tonnes,313600,garlic
3450,Crops and livestock products,India,Production,Garlic,1989,tonnes,332700,garlic
3451,Crops and livestock products,India,Production,Garlic,1990,tonnes,350400,garlic
3452,Crops and livestock products,India,Production,Garlic,1991,tonnes,370700,garlic
3453,Crops and livestock products,India,Production,Garlic,1992,tonnes,355800,garlic
3454,Crops and livestock products,India,Production,Garlic,1993,tonnes,306000,garlic
3455,Crops and livestock products,India,Production,Garlic,1994,tonnes,403200,garlic
3456,Crops and livestock products,India,Production,Garlic,1995,tonnes,475300,garlic
3457,Crops and livestock products,India,Production,Garlic,1996,tonnes,437900,garlic
3458,Crops and livestock products,India,Production,Garlic,1997,tonnes,484400,garlic
3459,Crops and livestock products,India,Production,Garlic,1998,tonnes,570700,garlic
3460,Crops and livestock products,India,Production,Garlic,1999,tonnes,495300,garlic
3461,Crops and livestock products,India,Production,Garlic,2000,tonnes,524600,garlic
3462,Crops and livestock products,India,Production,Garlic,2001,tonnes,496800,garlic
3463,Crops and livestock products,India,Production,Garlic,2002,tonnes,500000,garlic
3464,Crops and livestock products,India,Production,Garlic,2003,tonnes,457000,garlic
3465,Crops and livestock products,India,Production,Garlic,2004,tonnes,691100,garlic
3466,Crops and livestock products,India,Production,Garlic,2005,tonnes,646600,garlic
3467,Crops and livestock products,India,Production,Garlic,2006,tonnes,598200,garlic
3468,Crops and livestock products,India,Production,Garlic,2007,tonnes,776300,garlic
3469,Crops and livestock products,India,Production,Garlic,2008,tonnes,1068500,garlic
3470,Crops and livestock products,India,Production,Garlic,2009,tonnes,831100,garlic
3471,Crops and livestock products,India,Production,Garlic,2010,tonnes,833970,garlic
3472,Crops and livestock products,India,Production,Garlic,2011,tonnes,1057800,garlic
3473,Crops and livestock products,India,Production,Garlic,2012,tonnes,1228000,garlic
3474,Crops and livestock products,India,Production,Garlic,2013,tonnes,1259000,garlic
3475,Crops and livestock products,India,Production,Garlic,2014,tonnes,1252000,garlic
3476,Crops and livestock products,India,Production,Garlic,2015,tonnes,1425000,garlic
3477,Crops and livestock products,India,Production,Garlic,2016,tonnes,1617000,garlic
3478,Crops and livestock products,India,Production,Garlic,2017,tonnes,1693000,garlic
3479,Crops and livestock products,India,Production,Garlic,2018,tonnes,1611000,garlic
3596,Crops and livestock products,India,Production,Ginger,1961,tonnes,19000,ginger
3597,Crops and livestock products,India,Production,Ginger,1962,tonnes,20000,ginger
3598,Crops and livestock products,India,Production,Ginger,1963,tonnes,21000,ginger
3599,Crops and livestock products,India,Production,Ginger,1964,tonnes,21000,ginger
3600,Crops and livestock products,India,Production,Ginger,1965,tonnes,22000,ginger
3601,Crops and livestock products,India,Production,Ginger,1966,tonnes,21000,ginger
3602,Crops and livestock products,India,Production,Ginger,1967,tonnes,20000,ginger
3603,Crops and livestock products,India,Production,Ginger,1968,tonnes,18000,ginger
3604,Crops and livestock products,India,Production,Ginger,1969,tonnes,21000,ginger
3605,Crops and livestock products,India,Production,Ginger,1970,tonnes,30000,ginger
3606,Crops and livestock products,India,Production,Ginger,1971,tonnes,34710,ginger
3607,Crops and livestock products,India,Production,Ginger,1972,tonnes,33630,ginger
3608,Crops and livestock products,India,Production,Ginger,1973,tonnes,38460,ginger
3609,Crops and livestock products,India,Production,Ginger,1974,tonnes,37910,ginger
3610,Crops and livestock products,India,Production,Ginger,1975,tonnes,45150,ginger
3611,Crops and livestock products,India,Production,Ginger,1976,tonnes,43390,ginger
3612,Crops and livestock products,India,Production,Ginger,1977,tonnes,71700,ginger
3613,Crops and livestock products,India,Production,Ginger,1978,tonnes,67170,ginger
3614,Crops and livestock products,India,Production,Ginger,1979,tonnes,72960,ginger
3615,Crops and livestock products,India,Production,Ginger,1980,tonnes,82440,ginger
3616,Crops and livestock products,India,Production,Ginger,1981,tonnes,86980,ginger
3617,Crops and livestock products,India,Production,Ginger,1982,tonnes,94170,ginger
3618,Crops and livestock products,India,Production,Ginger,1983,tonnes,121310,ginger
3619,Crops and livestock products,India,Production,Ginger,1984,tonnes,133860,ginger
3620,Crops and livestock products,India,Production,Ginger,1985,tonnes,138020,ginger
3621,Crops and livestock products,India,Production,Ginger,1986,tonnes,136010,ginger
3622,Crops and livestock products,India,Production,Ginger,1987,tonnes,142840,ginger
3623,Crops and livestock products,India,Production,Ginger,1988,tonnes,152000,ginger
3624,Crops and livestock products,India,Production,Ginger,1989,tonnes,156120,ginger
3625,Crops and livestock products,India,Production,Ginger,1990,tonnes,154000,ginger
3626,Crops and livestock products,India,Production,Ginger,1991,tonnes,183000,ginger
3627,Crops and livestock products,India,Production,Ginger,1992,tonnes,201600,ginger
3628,Crops and livestock products,India,Production,Ginger,1993,tonnes,186200,ginger
3629,Crops and livestock products,India,Production,Ginger,1994,tonnes,171200,ginger
3630,Crops and livestock products,India,Production,Ginger,1995,tonnes,171000,ginger
3631,Crops and livestock products,India,Production,Ginger,1996,tonnes,232500,ginger
3632,Crops and livestock products,India,Production,Ginger,1997,tonnes,252000,ginger
3633,Crops and livestock products,India,Production,Ginger,1998,tonnes,263000,ginger
3634,Crops and livestock products,India,Production,Ginger,1999,tonnes,263200,ginger
3635,Crops and livestock products,India,Production,Ginger,2000,tonnes,235000,ginger
3636,Crops and livestock products,India,Production,Ginger,2001,tonnes,230000,ginger
3637,Crops and livestock products,India,Production,Ginger,2002,tonnes,268447,ginger
3638,Crops and livestock products,India,Production,Ginger,2003,tonnes,280200,ginger
3639,Crops and livestock products,India,Production,Ginger,2004,tonnes,301900,ginger
3640,Crops and livestock products,India,Production,Ginger,2005,tonnes,359000,ginger
3641,Crops and livestock products,India,Production,Ginger,2006,tonnes,391200,ginger
3642,Crops and livestock products,India,Production,Ginger,2007,tonnes,393400,ginger
3643,Crops and livestock products,India,Production,Ginger,2008,tonnes,390080,ginger
3644,Crops and livestock products,India,Production,Ginger,2009,tonnes,380100,ginger
3645,Crops and livestock products,India,Production,Ginger,2010,tonnes,385330,ginger
3646,Crops and livestock products,India,Production,Ginger,2011,tonnes,702000,ginger
3647,Crops and livestock products,India,Production,Ginger,2012,tonnes,756000,ginger
3648,Crops and livestock products,India,Production,Ginger,2013,tonnes,683000,ginger
3649,Crops and livestock products,India,Production,Ginger,2014,tonnes,655000,ginger
3650,Crops and livestock products,India,Production,Ginger,2015,tonnes,760000,ginger
3651,Crops and livestock products,India,Production,Ginger,2016,tonnes,1109000,ginger
3652,Crops and livestock products,India,Production,Ginger,2017,tonnes,1070000,ginger
3653,Crops and livestock products,India,Production,Ginger,2018,tonnes,1762000,ginger
3770,Crops and livestock products,India,Production,Grapes,1961,tonnes,70000,grapes
3771,Crops and livestock products,India,Production,Grapes,1962,tonnes,75000,grapes
3772,Crops and livestock products,India,Production,Grapes,1963,tonnes,80000,grapes
3773,Crops and livestock products,India,Production,Grapes,1964,tonnes,90000,grapes
3774,Crops and livestock products,India,Production,Grapes,1965,tonnes,100000,grapes
3775,Crops and livestock products,India,Production,Grapes,1966,tonnes,110000,grapes
3776,Crops and livestock products,India,Production,Grapes,1967,tonnes,115000,grapes
3777,Crops and livestock products,India,Production,Grapes,1968,tonnes,120000,grapes
3778,Crops and livestock products,India,Production,Grapes,1969,tonnes,125000,grapes
3779,Crops and livestock products,India,Production,Grapes,1970,tonnes,130000,grapes
3780,Crops and livestock products,India,Production,Grapes,1971,tonnes,135000,grapes
3781,Crops and livestock products,India,Production,Grapes,1972,tonnes,138000,grapes
3782,Crops and livestock products,India,Production,Grapes,1973,tonnes,140000,grapes
3783,Crops and livestock products,India,Production,Grapes,1974,tonnes,90000,grapes
3784,Crops and livestock products,India,Production,Grapes,1975,tonnes,95000,grapes
3785,Crops and livestock products,India,Production,Grapes,1976,tonnes,95400,grapes
3786,Crops and livestock products,India,Production,Grapes,1977,tonnes,150630,grapes
3787,Crops and livestock products,India,Production,Grapes,1978,tonnes,166000,grapes
3788,Crops and livestock products,India,Production,Grapes,1979,tonnes,182160,grapes
3789,Crops and livestock products,India,Production,Grapes,1980,tonnes,195850,grapes
3790,Crops and livestock products,India,Production,Grapes,1981,tonnes,208000,grapes
3791,Crops and livestock products,India,Production,Grapes,1982,tonnes,250000,grapes
3792,Crops and livestock products,India,Production,Grapes,1983,tonnes,237020,grapes
3793,Crops and livestock products,India,Production,Grapes,1984,tonnes,270390,grapes
3794,Crops and livestock products,India,Production,Grapes,1985,tonnes,275660,grapes
3795,Crops and livestock products,India,Production,Grapes,1986,tonnes,260000,grapes
3796,Crops and livestock products,India,Production,Grapes,1987,tonnes,251035,grapes
3797,Crops and livestock products,India,Production,Grapes,1988,tonnes,416253,grapes
3798,Crops and livestock products,India,Production,Grapes,1989,tonnes,374535,grapes
3799,Crops and livestock products,India,Production,Grapes,1990,tonnes,408170,grapes
3800,Crops and livestock products,India,Production,Grapes,1991,tonnes,412530,grapes
3801,Crops and livestock products,India,Production,Grapes,1992,tonnes,653163,grapes
3802,Crops and livestock products,India,Production,Grapes,1993,tonnes,700000,grapes
3803,Crops and livestock products,India,Production,Grapes,1994,tonnes,700000,grapes
3804,Crops and livestock products,India,Production,Grapes,1995,tonnes,700000,grapes
3805,Crops and livestock products,India,Production,Grapes,1996,tonnes,800000,grapes
3806,Crops and livestock products,India,Production,Grapes,1997,tonnes,810000,grapes
3807,Crops and livestock products,India,Production,Grapes,1998,tonnes,970000,grapes
3808,Crops and livestock products,India,Production,Grapes,1999,tonnes,1083000,grapes
3809,Crops and livestock products,India,Production,Grapes,2000,tonnes,1130000,grapes
3810,Crops and livestock products,India,Production,Grapes,2001,tonnes,1060000,grapes
3811,Crops and livestock products,India,Production,Grapes,2002,tonnes,1184200,grapes
3812,Crops and livestock products,India,Production,Grapes,2003,tonnes,1247800,grapes
3813,Crops and livestock products,India,Production,Grapes,2004,tonnes,1474800,grapes
3814,Crops and livestock products,India,Production,Grapes,2005,tonnes,1564700,grapes
3815,Crops and livestock products,India,Production,Grapes,2006,tonnes,1649600,grapes
3816,Crops and livestock products,India,Production,Grapes,2007,tonnes,1685300,grapes
3817,Crops and livestock products,India,Production,Grapes,2008,tonnes,1735000,grapes
3818,Crops and livestock products,India,Production,Grapes,2009,tonnes,1878000,grapes
3819,Crops and livestock products,India,Production,Grapes,2010,tonnes,880700,grapes
3820,Crops and livestock products,India,Production,Grapes,2011,tonnes,1235000,grapes
3821,Crops and livestock products,India,Production,Grapes,2012,tonnes,2221000,grapes
3822,Crops and livestock products,India,Production,Grapes,2013,tonnes,2483000,grapes
3823,Crops and livestock products,India,Production,Grapes,2014,tonnes,2585340,grapes
3824,Crops and livestock products,India,Production,Grapes,2015,tonnes,2602000,grapes
3825,Crops and livestock products,India,Production,Grapes,2016,tonnes,2590000,grapes
3826,Crops and livestock products,India,Production,Grapes,2017,tonnes,2922000,grapes
3827,Crops and livestock products,India,Production,Grapes,2018,tonnes,2920000,grapes
3944,Crops and livestock products,India,Production,"Groundnuts, with shell",1961,tonnes,4994000,groundnuts
3945,Crops and livestock products,India,Production,"Groundnuts, with shell",1962,tonnes,5064000,groundnuts
3946,Crops and livestock products,India,Production,"Groundnuts, with shell",1963,tonnes,5298000,groundnuts
3947,Crops and livestock products,India,Production,"Groundnuts, with shell",1964,tonnes,6004000,groundnuts
3948,Crops and livestock products,India,Production,"Groundnuts, with shell",1965,tonnes,4263000,groundnuts
3949,Crops and livestock products,India,Production,"Groundnuts, with shell",1966,tonnes,4411000,groundnuts
3950,Crops and livestock products,India,Production,"Groundnuts, with shell",1967,tonnes,5730900,groundnuts
3951,Crops and livestock products,India,Production,"Groundnuts, with shell",1968,tonnes,4630700,groundnuts
3952,Crops and livestock products,India,Production,"Groundnuts, with shell",1969,tonnes,5130100,groundnuts
3953,Crops and livestock products,India,Production,"Groundnuts, with shell",1970,tonnes,6111100,groundnuts
3954,Crops and livestock products,India,Production,"Groundnuts, with shell",1971,tonnes,6180500,groundnuts
3955,Crops and livestock products,India,Production,"Groundnuts, with shell",1972,tonnes,4091600,groundnuts
3956,Crops and livestock products,India,Production,"Groundnuts, with shell",1973,tonnes,5932000,groundnuts
3957,Crops and livestock products,India,Production,"Groundnuts, with shell",1974,tonnes,5111000,groundnuts
3958,Crops and livestock products,India,Production,"Groundnuts, with shell",1975,tonnes,6754700,groundnuts
3959,Crops and livestock products,India,Production,"Groundnuts, with shell",1976,tonnes,5263900,groundnuts
3960,Crops and livestock products,India,Production,"Groundnuts, with shell",1977,tonnes,6087100,groundnuts
3961,Crops and livestock products,India,Production,"Groundnuts, with shell",1978,tonnes,6208200,groundnuts
3962,Crops and livestock products,India,Production,"Groundnuts, with shell",1979,tonnes,5768000,groundnuts
3963,Crops and livestock products,India,Production,"Groundnuts, with shell",1980,tonnes,5005000,groundnuts
3964,Crops and livestock products,India,Production,"Groundnuts, with shell",1981,tonnes,7223000,groundnuts
3965,Crops and livestock products,India,Production,"Groundnuts, with shell",1982,tonnes,5282300,groundnuts
3966,Crops and livestock products,India,Production,"Groundnuts, with shell",1983,tonnes,7085000,groundnuts
3967,Crops and livestock products,India,Production,"Groundnuts, with shell",1984,tonnes,6436000,groundnuts
3968,Crops and livestock products,India,Production,"Groundnuts, with shell",1985,tonnes,5121300,groundnuts
3969,Crops and livestock products,India,Production,"Groundnuts, with shell",1986,tonnes,5875400,groundnuts
3970,Crops and livestock products,India,Production,"Groundnuts, with shell",1987,tonnes,5853600,groundnuts
3971,Crops and livestock products,India,Production,"Groundnuts, with shell",1988,tonnes,9658000,groundnuts
3972,Crops and livestock products,India,Production,"Groundnuts, with shell",1989,tonnes,8100000,groundnuts
3973,Crops and livestock products,India,Production,"Groundnuts, with shell",1990,tonnes,7514700,groundnuts
3974,Crops and livestock products,India,Production,"Groundnuts, with shell",1991,tonnes,7094600,groundnuts
3975,Crops and livestock products,India,Production,"Groundnuts, with shell",1992,tonnes,8565000,groundnuts
3976,Crops and livestock products,India,Production,"Groundnuts, with shell",1993,tonnes,7830000,groundnuts
3977,Crops and livestock products,India,Production,"Groundnuts, with shell",1994,tonnes,8062000,groundnuts
3978,Crops and livestock products,India,Production,"Groundnuts, with shell",1995,tonnes,7579000,groundnuts
3979,Crops and livestock products,India,Production,"Groundnuts, with shell",1996,tonnes,8643000,groundnuts
3980,Crops and livestock products,India,Production,"Groundnuts, with shell",1997,tonnes,7370000,groundnuts
3981,Crops and livestock products,India,Production,"Groundnuts, with shell",1998,tonnes,8981600,groundnuts
3982,Crops and livestock products,India,Production,"Groundnuts, with shell",1999,tonnes,5258100,groundnuts
3983,Crops and livestock products,India,Production,"Groundnuts, with shell",2000,tonnes,6480300,groundnuts
3984,Crops and livestock products,India,Production,"Groundnuts, with shell",2001,tonnes,7027500,groundnuts
3985,Crops and livestock products,India,Production,"Groundnuts, with shell",2002,tonnes,4121100,groundnuts
3986,Crops and livestock products,India,Production,"Groundnuts, with shell",2003,tonnes,8126500,groundnuts
3987,Crops and livestock products,India,Production,"Groundnuts, with shell",2004,tonnes,6774400,groundnuts
3988,Crops and livestock products,India,Production,"Groundnuts, with shell",2005,tonnes,7993300,groundnuts
3989,Crops and livestock products,India,Production,"Groundnuts, with shell",2006,tonnes,4863500,groundnuts
3990,Crops and livestock products,India,Production,"Groundnuts, with shell",2007,tonnes,9182500,groundnuts
3991,Crops and livestock products,India,Production,"Groundnuts, with shell",2008,tonnes,7168100,groundnuts
3992,Crops and livestock products,India,Production,"Groundnuts, with shell",2009,tonnes,5428500,groundnuts
3993,Crops and livestock products,India,Production,"Groundnuts, with shell",2010,tonnes,8265000,groundnuts
3994,Crops and livestock products,India,Production,"Groundnuts, with shell",2011,tonnes,6964000,groundnuts
3995,Crops and livestock products,India,Production,"Groundnuts, with shell",2012,tonnes,4695000,groundnuts
3996,Crops and livestock products,India,Production,"Groundnuts, with shell",2013,tonnes,9472000,groundnuts
3997,Crops and livestock products,India,Production,"Groundnuts, with shell",2014,tonnes,7402000,groundnuts
3998,Crops and livestock products,India,Production,"Groundnuts, with shell",2015,tonnes,6733000,groundnuts
3999,Crops and livestock products,India,Production,"Groundnuts, with shell",2016,tonnes,7462000,groundnuts
4000,Crops and livestock products,India,Production,"Groundnuts, with shell",2017,tonnes,7461530,groundnuts
4001,Crops and livestock products,India,Production,"Groundnuts, with shell",2018,tonnes,9252570,groundnuts
4118,Crops and livestock products,India,Production,Lemons and limes,1961,tonnes,415000,lemons
4119,Crops and livestock products,India,Production,Lemons and limes,1962,tonnes,450000,lemons
4120,Crops and livestock products,India,Production,Lemons and limes,1963,tonnes,450000,lemons
4121,Crops and livestock products,India,Production,Lemons and limes,1964,tonnes,450000,lemons
4122,Crops and livestock products,India,Production,Lemons and limes,1965,tonnes,450000,lemons
4123,Crops and livestock products,India,Production,Lemons and limes,1966,tonnes,450000,lemons
4124,Crops and livestock products,India,Production,Lemons and limes,1967,tonnes,450000,lemons
4125,Crops and livestock products,India,Production,Lemons and limes,1968,tonnes,370000,lemons
4126,Crops and livestock products,India,Production,Lemons and limes,1969,tonnes,400000,lemons
4127,Crops and livestock products,India,Production,Lemons and limes,1970,tonnes,450000,lemons
4128,Crops and livestock products,India,Production,Lemons and limes,1971,tonnes,450000,lemons
4129,Crops and livestock products,India,Production,Lemons and limes,1972,tonnes,450000,lemons
4130,Crops and livestock products,India,Production,Lemons and limes,1973,tonnes,450000,lemons
4131,Crops and livestock products,India,Production,Lemons and limes,1974,tonnes,450000,lemons
4132,Crops and livestock products,India,Production,Lemons and limes,1975,tonnes,500000,lemons
4133,Crops and livestock products,India,Production,Lemons and limes,1976,tonnes,600000,lemons
4134,Crops and livestock products,India,Production,Lemons and limes,1977,tonnes,400000,lemons
4135,Crops and livestock products,India,Production,Lemons and limes,1978,tonnes,500000,lemons
4136,Crops and livestock products,India,Production,Lemons and limes,1979,tonnes,480000,lemons
4137,Crops and livestock products,India,Production,Lemons and limes,1980,tonnes,485000,lemons
4138,Crops and livestock products,India,Production,Lemons and limes,1981,tonnes,500000,lemons
4139,Crops and livestock products,India,Production,Lemons and limes,1982,tonnes,500000,lemons
4140,Crops and livestock products,India,Production,Lemons and limes,1983,tonnes,500000,lemons
4141,Crops and livestock products,India,Production,Lemons and limes,1984,tonnes,550000,lemons
4142,Crops and livestock products,India,Production,Lemons and limes,1985,tonnes,450000,lemons
4143,Crops and livestock products,India,Production,Lemons and limes,1986,tonnes,600000,lemons
4144,Crops and livestock products,India,Production,Lemons and limes,1987,tonnes,600000,lemons
4145,Crops and livestock products,India,Production,Lemons and limes,1988,tonnes,600000,lemons
4146,Crops and livestock products,India,Production,Lemons and limes,1989,tonnes,690000,lemons
4147,Crops and livestock products,India,Production,Lemons and limes,1990,tonnes,752000,lemons
4148,Crops and livestock products,India,Production,Lemons and limes,1991,tonnes,800000,lemons
4149,Crops and livestock products,India,Production,Lemons and limes,1992,tonnes,700000,lemons
4150,Crops and livestock products,India,Production,Lemons and limes,1993,tonnes,930000,lemons
4151,Crops and livestock products,India,Production,Lemons and limes,1994,tonnes,923700,lemons
4152,Crops and livestock products,India,Production,Lemons and limes,1995,tonnes,970100,lemons
4153,Crops and livestock products,India,Production,Lemons and limes,1996,tonnes,920000,lemons
4154,Crops and livestock products,India,Production,Lemons and limes,1997,tonnes,1048400,lemons
4155,Crops and livestock products,India,Production,Lemons and limes,1998,tonnes,1101300,lemons
4156,Crops and livestock products,India,Production,Lemons and limes,1999,tonnes,1259800,lemons
4157,Crops and livestock products,India,Production,Lemons and limes,2000,tonnes,1491500,lemons
4158,Crops and livestock products,India,Production,Lemons and limes,2001,tonnes,1377200,lemons
4159,Crops and livestock products,India,Production,Lemons and limes,2002,tonnes,1413700,lemons
4160,Crops and livestock products,India,Production,Lemons and limes,2003,tonnes,1439600,lemons
4161,Crops and livestock products,India,Production,Lemons and limes,2004,tonnes,1493300,lemons
4162,Crops and livestock products,India,Production,Lemons and limes,2005,tonnes,1033100,lemons
4163,Crops and livestock products,India,Production,Lemons and limes,2006,tonnes,2159000,lemons
4164,Crops and livestock products,India,Production,Lemons and limes,2007,tonnes,2310200,lemons
4165,Crops and livestock products,India,Production,Lemons and limes,2008,tonnes,2501700,lemons
4166,Crops and livestock products,India,Production,Lemons and limes,2009,tonnes,2571530,lemons
4167,Crops and livestock products,India,Production,Lemons and limes,2010,tonnes,2629200,lemons
4168,Crops and livestock products,India,Production,Lemons and limes,2011,tonnes,2108000,lemons
4169,Crops and livestock products,India,Production,Lemons and limes,2012,tonnes,2272100,lemons
4170,Crops and livestock products,India,Production,Lemons and limes,2013,tonnes,2523500,lemons
4171,Crops and livestock products,India,Production,Lemons and limes,2014,tonnes,2835020,lemons
4172,Crops and livestock products,India,Production,Lemons and limes,2015,tonnes,2950000,lemons
4173,Crops and livestock products,India,Production,Lemons and limes,2016,tonnes,2438000,lemons
4174,Crops and livestock products,India,Production,Lemons and limes,2017,tonnes,2364000,lemons
4175,Crops and livestock products,India,Production,Lemons and limes,2018,tonnes,3148000,lemons
4292,Crops and livestock products,India,Production,Lentils,1961,tonnes,358666,lentils
4293,Crops and livestock products,India,Production,Lentils,1962,tonnes,340377,lentils
4294,Crops and livestock products,India,Production,Lentils,1963,tonnes,349521,lentils
4295,Crops and livestock products,India,Production,Lentils,1964,tonnes,289000,lentils
4296,Crops and livestock products,India,Production,Lentils,1965,tonnes,400000,lentils
4297,Crops and livestock products,India,Production,Lentils,1966,tonnes,368900,lentils
4298,Crops and livestock products,India,Production,Lentils,1967,tonnes,287900,lentils
4299,Crops and livestock products,India,Production,Lentils,1968,tonnes,383600,lentils
4300,Crops and livestock products,India,Production,Lentils,1969,tonnes,400000,lentils
4301,Crops and livestock products,India,Production,Lentils,1970,tonnes,382900,lentils
4302,Crops and livestock products,India,Production,Lentils,1971,tonnes,371000,lentils
4303,Crops and livestock products,India,Production,Lentils,1972,tonnes,415700,lentils
4304,Crops and livestock products,India,Production,Lentils,1973,tonnes,372500,lentils
4305,Crops and livestock products,India,Production,Lentils,1974,tonnes,406600,lentils
4306,Crops and livestock products,India,Production,Lentils,1975,tonnes,457100,lentils
4307,Crops and livestock products,India,Production,Lentils,1976,tonnes,460700,lentils
4308,Crops and livestock products,India,Production,Lentils,1977,tonnes,393500,lentils
4309,Crops and livestock products,India,Production,Lentils,1978,tonnes,384000,lentils
4310,Crops and livestock products,India,Production,Lentils,1979,tonnes,447200,lentils
4311,Crops and livestock products,India,Production,Lentils,1980,tonnes,320300,lentils
4312,Crops and livestock products,India,Production,Lentils,1981,tonnes,465200,lentils
4313,Crops and livestock products,India,Production,Lentils,1982,tonnes,496500,lentils
4314,Crops and livestock products,India,Production,Lentils,1983,tonnes,488700,lentils
4315,Crops and livestock products,India,Production,Lentils,1984,tonnes,533700,lentils
4316,Crops and livestock products,India,Production,Lentils,1985,tonnes,547100,lentils
4317,Crops and livestock products,India,Production,Lentils,1986,tonnes,662500,lentils
4318,Crops and livestock products,India,Production,Lentils,1987,tonnes,659300,lentils
4319,Crops and livestock products,India,Production,Lentils,1988,tonnes,660300,lentils
4320,Crops and livestock products,India,Production,Lentils,1989,tonnes,733600,lentils
4321,Crops and livestock products,India,Production,Lentils,1990,tonnes,706200,lentils
4322,Crops and livestock products,India,Production,Lentils,1991,tonnes,851400,lentils
4323,Crops and livestock products,India,Production,Lentils,1992,tonnes,801700,lentils
4324,Crops and livestock products,India,Production,Lentils,1993,tonnes,790800,lentils
4325,Crops and livestock products,India,Production,Lentils,1994,tonnes,748000,lentils
4326,Crops and livestock products,India,Production,Lentils,1995,tonnes,783800,lentils
4327,Crops and livestock products,India,Production,Lentils,1996,tonnes,713700,lentils
4328,Crops and livestock products,India,Production,Lentils,1997,tonnes,962000,lentils
4329,Crops and livestock products,India,Production,Lentils,1998,tonnes,803900,lentils
4330,Crops and livestock products,India,Production,Lentils,1999,tonnes,937800,lentils
4331,Crops and livestock products,India,Production,Lentils,2000,tonnes,1078900,lentils
4332,Crops and livestock products,India,Production,Lentils,2001,tonnes,915200,lentils
4333,Crops and livestock products,India,Production,Lentils,2002,tonnes,974400,lentils
4334,Crops and livestock products,India,Production,Lentils,2003,tonnes,873200,lentils
4335,Crops and livestock products,India,Production,Lentils,2004,tonnes,1037800,lentils
4336,Crops and livestock products,India,Production,Lentils,2005,tonnes,994200,lentils
4337,Crops and livestock products,India,Production,Lentils,2006,tonnes,946200,lentils
4338,Crops and livestock products,India,Production,Lentils,2007,tonnes,910000,lentils
4339,Crops and livestock products,India,Production,Lentils,2008,tonnes,810000,lentils
4340,Crops and livestock products,India,Production,Lentils,2009,tonnes,953300,lentils
4341,Crops and livestock products,India,Production,Lentils,2010,tonnes,1031600,lentils
4342,Crops and livestock products,India,Production,Lentils,2011,tonnes,943800,lentils
4343,Crops and livestock products,India,Production,Lentils,2012,tonnes,1058700,lentils
4344,Crops and livestock products,India,Production,Lentils,2013,tonnes,1134000,lentils
4345,Crops and livestock products,India,Production,Lentils,2014,tonnes,1017000,lentils
4346,Crops and livestock products,India,Production,Lentils,2015,tonnes,1035000,lentils
4347,Crops and livestock products,India,Production,Lentils,2016,tonnes,976000,lentils
4348,Crops and livestock products,India,Production,Lentils,2017,tonnes,1223850,lentils
4349,Crops and livestock products,India,Production,Lentils,2018,tonnes,1621810,lentils
4466,Crops and livestock products,India,Production,Lettuce and chicory,1961,tonnes,250000,lettuce
4467,Crops and livestock products,India,Production,Lettuce and chicory,1962,tonnes,265000,lettuce
4468,Crops and livestock products,India,Production,Lettuce and chicory,1963,tonnes,271000,lettuce
4469,Crops and livestock products,India,Production,Lettuce and chicory,1964,tonnes,280000,lettuce
4470,Crops and livestock products,India,Production,Lettuce and chicory,1965,tonnes,295000,lettuce
4471,Crops and livestock products,India,Production,Lettuce and chicory,1966,tonnes,305000,lettuce
4472,Crops and livestock products,India,Production,Lettuce and chicory,1967,tonnes,312000,lettuce
4473,Crops and livestock products,India,Production,Lettuce and chicory,1968,tonnes,321000,lettuce
4474,Crops and livestock products,India,Production,Lettuce and chicory,1969,tonnes,350000,lettuce
4475,Crops and livestock products,India,Production,Lettuce and chicory,1970,tonnes,355000,lettuce
4476,Crops and livestock products,India,Production,Lettuce and chicory,1971,tonnes,360000,lettuce
4477,Crops and livestock products,India,Production,Lettuce and chicory,1972,tonnes,385000,lettuce
4478,Crops and livestock products,India,Production,Lettuce and chicory,1973,tonnes,390000,lettuce
4479,Crops and livestock products,India,Production,Lettuce and chicory,1974,tonnes,405000,lettuce
4480,Crops and livestock products,India,Production,Lettuce and chicory,1975,tonnes,415000,lettuce
4481,Crops and livestock products,India,Production,Lettuce and chicory,1976,tonnes,460000,lettuce
4482,Crops and livestock products,India,Production,Lettuce and chicory,1977,tonnes,484000,lettuce
4483,Crops and livestock products,India,Production,Lettuce and chicory,1978,tonnes,495000,lettuce
4484,Crops and livestock products,India,Production,Lettuce and chicory,1979,tonnes,540000,lettuce
4485,Crops and livestock products,India,Production,Lettuce and chicory,1980,tonnes,550000,lettuce
4486,Crops and livestock products,India,Production,Lettuce and chicory,1981,tonnes,570000,lettuce
4487,Crops and livestock products,India,Production,Lettuce and chicory,1982,tonnes,600000,lettuce
4488,Crops and livestock products,India,Production,Lettuce and chicory,1983,tonnes,612000,lettuce
4489,Crops and livestock products,India,Production,Lettuce and chicory,1984,tonnes,618000,lettuce
4490,Crops and livestock products,India,Production,Lettuce and chicory,1985,tonnes,650000,lettuce
4491,Crops and livestock products,India,Production,Lettuce and chicory,1986,tonnes,660000,lettuce
4492,Crops and livestock products,India,Production,Lettuce and chicory,1987,tonnes,678000,lettuce
4493,Crops and livestock products,India,Production,Lettuce and chicory,1988,tonnes,692000,lettuce
4494,Crops and livestock products,India,Production,Lettuce and chicory,1989,tonnes,707000,lettuce
4495,Crops and livestock products,India,Production,Lettuce and chicory,1990,tonnes,717000,lettuce
4496,Crops and livestock products,India,Production,Lettuce and chicory,1991,tonnes,731158,lettuce
4497,Crops and livestock products,India,Production,Lettuce and chicory,1992,tonnes,732000,lettuce
4498,Crops and livestock products,India,Production,Lettuce and chicory,1993,tonnes,735000,lettuce
4499,Crops and livestock products,India,Production,Lettuce and chicory,1994,tonnes,755000,lettuce
4500,Crops and livestock products,India,Production,Lettuce and chicory,1995,tonnes,760000,lettuce
4501,Crops and livestock products,India,Production,Lettuce and chicory,1996,tonnes,765000,lettuce
4502,Crops and livestock products,India,Production,Lettuce and chicory,1997,tonnes,767215,lettuce
4503,Crops and livestock products,India,Production,Lettuce and chicory,1998,tonnes,770000,lettuce
4504,Crops and livestock products,India,Production,Lettuce and chicory,1999,tonnes,780000,lettuce
4505,Crops and livestock products,India,Production,Lettuce and chicory,2000,tonnes,785000,lettuce
4506,Crops and livestock products,India,Production,Lettuce and chicory,2001,tonnes,790000,lettuce
4507,Crops and livestock products,India,Production,Lettuce and chicory,2002,tonnes,803792,lettuce
4508,Crops and livestock products,India,Production,Lettuce and chicory,2003,tonnes,819185,lettuce
4509,Crops and livestock products,India,Production,Lettuce and chicory,2004,tonnes,835702,lettuce
4510,Crops and livestock products,India,Production,Lettuce and chicory,2005,tonnes,852976,lettuce
4511,Crops and livestock products,India,Production,Lettuce and chicory,2006,tonnes,917028,lettuce
4512,Crops and livestock products,India,Production,Lettuce and chicory,2007,tonnes,942980,lettuce
4513,Crops and livestock products,India,Production,Lettuce and chicory,2008,tonnes,970326,lettuce
4514,Crops and livestock products,India,Production,Lettuce and chicory,2009,tonnes,997490,lettuce
4515,Crops and livestock products,India,Production,Lettuce and chicory,2010,tonnes,1023293,lettuce
4516,Crops and livestock products,India,Production,Lettuce and chicory,2011,tonnes,1047526,lettuce
4517,Crops and livestock products,India,Production,Lettuce and chicory,2012,tonnes,1075000,lettuce
4518,Crops and livestock products,India,Production,Lettuce and chicory,2013,tonnes,1080000,lettuce
4519,Crops and livestock products,India,Production,Lettuce and chicory,2014,tonnes,1095120,lettuce
4520,Crops and livestock products,India,Production,Lettuce and chicory,2015,tonnes,1152479,lettuce
4521,Crops and livestock products,India,Production,Lettuce and chicory,2016,tonnes,1109199,lettuce
4522,Crops and livestock products,India,Production,Lettuce and chicory,2017,tonnes,1118933,lettuce
4523,Crops and livestock products,India,Production,Lettuce and chicory,2018,tonnes,1126870,lettuce
4640,Crops and livestock products,India,Production,Maize,1961,tonnes,4312000,maize
4641,Crops and livestock products,India,Production,Maize,1962,tonnes,4607000,maize
4642,Crops and livestock products,India,Production,Maize,1963,tonnes,4561000,maize
4643,Crops and livestock products,India,Production,Maize,1964,tonnes,4664000,maize
4644,Crops and livestock products,India,Production,Maize,1965,tonnes,4823000,maize
4645,Crops and livestock products,India,Production,Maize,1966,tonnes,4893600,maize
4646,Crops and livestock products,India,Production,Maize,1967,tonnes,6269300,maize
4647,Crops and livestock products,India,Production,Maize,1968,tonnes,5701100,maize
4648,Crops and livestock products,India,Production,Maize,1969,tonnes,5674300,maize
4649,Crops and livestock products,India,Production,Maize,1970,tonnes,7485600,maize
4650,Crops and livestock products,India,Production,Maize,1971,tonnes,5100500,maize
4651,Crops and livestock products,India,Production,Maize,1972,tonnes,6388500,maize
4652,Crops and livestock products,India,Production,Maize,1973,tonnes,5803500,maize
4653,Crops and livestock products,India,Production,Maize,1974,tonnes,5558900,maize
4654,Crops and livestock products,India,Production,Maize,1975,tonnes,7255800,maize
4655,Crops and livestock products,India,Production,Maize,1976,tonnes,6361200,maize
4656,Crops and livestock products,India,Production,Maize,1977,tonnes,5973300,maize
4657,Crops and livestock products,India,Production,Maize,1978,tonnes,6199000,maize
4658,Crops and livestock products,India,Production,Maize,1979,tonnes,5602900,maize
4659,Crops and livestock products,India,Production,Maize,1980,tonnes,6957000,maize
4660,Crops and livestock products,India,Production,Maize,1981,tonnes,6897100,maize
4661,Crops and livestock products,India,Production,Maize,1982,tonnes,6548500,maize
4662,Crops and livestock products,India,Production,Maize,1983,tonnes,7922000,maize
4663,Crops and livestock products,India,Production,Maize,1984,tonnes,8441800,maize
4664,Crops and livestock products,India,Production,Maize,1985,tonnes,6643700,maize
4665,Crops and livestock products,India,Production,Maize,1986,tonnes,7592800,maize
4666,Crops and livestock products,India,Production,Maize,1987,tonnes,5721300,maize
4667,Crops and livestock products,India,Production,Maize,1988,tonnes,8228700,maize
4668,Crops and livestock products,India,Production,Maize,1989,tonnes,9651300,maize
4669,Crops and livestock products,India,Production,Maize,1990,tonnes,8961700,maize
4670,Crops and livestock products,India,Production,Maize,1991,tonnes,8064400,maize
4671,Crops and livestock products,India,Production,Maize,1992,tonnes,9992100,maize
4672,Crops and livestock products,India,Production,Maize,1993,tonnes,9601000,maize
4673,Crops and livestock products,India,Production,Maize,1994,tonnes,8884400,maize
4674,Crops and livestock products,India,Production,Maize,1995,tonnes,9534000,maize
4675,Crops and livestock products,India,Production,Maize,1996,tonnes,10769000,maize
4676,Crops and livestock products,India,Production,Maize,1997,tonnes,10816000,maize
4677,Crops and livestock products,India,Production,Maize,1998,tonnes,11147700,maize
4678,Crops and livestock products,India,Production,Maize,1999,tonnes,11509600,maize
4679,Crops and livestock products,India,Production,Maize,2000,tonnes,12043200,maize
4680,Crops and livestock products,India,Production,Maize,2001,tonnes,13160200,maize
4681,Crops and livestock products,India,Production,Maize,2002,tonnes,11151700,maize
4682,Crops and livestock products,India,Production,Maize,2003,tonnes,14984300,maize
4683,Crops and livestock products,India,Production,Maize,2004,tonnes,14172000,maize
4684,Crops and livestock products,India,Production,Maize,2005,tonnes,14709900,maize
4685,Crops and livestock products,India,Production,Maize,2006,tonnes,15097000,maize
4686,Crops and livestock products,India,Production,Maize,2007,tonnes,18955400,maize
4687,Crops and livestock products,India,Production,Maize,2008,tonnes,19731400,maize
4688,Crops and livestock products,India,Production,Maize,2009,tonnes,16719500,maize
4689,Crops and livestock products,India,Production,Maize,2010,tonnes,21725800,maize
4690,Crops and livestock products,India,Production,Maize,2011,tonnes,21760000,maize
4691,Crops and livestock products,India,Production,Maize,2012,tonnes,22260000,maize
4692,Crops and livestock products,India,Production,Maize,2013,tonnes,24259510,maize
4693,Crops and livestock products,India,Production,Maize,2014,tonnes,24170000,maize
4694,Crops and livestock products,India,Production,Maize,2015,tonnes,22570000,maize
4695,Crops and livestock products,India,Production,Maize,2016,tonnes,25900000,maize
4696,Crops and livestock products,India,Production,Maize,2017,tonnes,25899870,maize
4697,Crops and livestock products,India,Production,Maize,2018,tonnes,28752880,maize
4814,Crops and livestock products,India,Production,"Mangoes, mangosteens, guavas",1961,tonnes,6988000,mangoes
4815,Crops and livestock products,India,Production,"Mangoes, mangosteens, guavas",1962,tonnes,6988000,mangoes
4816,Crops and livestock products,India,Production,"Mangoes, mangosteens, guavas",1963,tonnes,7000000,mangoes
4817,Crops and livestock products,India,Production,"Mangoes, mangosteens, guavas",1964,tonnes,7000000,mangoes
4818,Crops and livestock products,India,Production,"Mangoes, mangosteens, guavas",1965,tonnes,7000000,mangoes
4819,Crops and livestock products,India,Production,"Mangoes, mangosteens, guavas",1966,tonnes,7000000,mangoes
4820,Crops and livestock products,India,Production,"Mangoes, mangosteens, guavas",1967,tonnes,7100000,mangoes
4821,Crops and livestock products,India,Production,"Mangoes, mangosteens, guavas",1968,tonnes,7100000,mangoes
4822,Crops and livestock products,India,Production,"Mangoes, mangosteens, guavas",1969,tonnes,7100000,mangoes
4823,Crops and livestock products,India,Production,"Mangoes, mangosteens, guavas",1970,tonnes,7100000,mangoes
4824,Crops and livestock products,India,Production,"Mangoes, mangosteens, guavas",1971,tonnes,7100000,mangoes
4825,Crops and livestock products,India,Production,"Mangoes, mangosteens, guavas",1972,tonnes,7200000,mangoes
4826,Crops and livestock products,India,Production,"Mangoes, mangosteens, guavas",1973,tonnes,7200000,mangoes
4827,Crops and livestock products,India,Production,"Mangoes, mangosteens, guavas",1974,tonnes,7300000,mangoes
4828,Crops and livestock products,India,Production,"Mangoes, mangosteens, guavas",1975,tonnes,7300000,mangoes
4829,Crops and livestock products,India,Production,"Mangoes, mangosteens, guavas",1976,tonnes,7400000,mangoes
4830,Crops and livestock products,India,Production,"Mangoes, mangosteens, guavas",1977,tonnes,7456340,mangoes
4831,Crops and livestock products,India,Production,"Mangoes, mangosteens, guavas",1978,tonnes,7527200,mangoes
4832,Crops and livestock products,India,Production,"Mangoes, mangosteens, guavas",1979,tonnes,8216510,mangoes
4833,Crops and livestock products,India,Production,"Mangoes, mangosteens, guavas",1980,tonnes,8363300,mangoes
4834,Crops and livestock products,India,Production,"Mangoes, mangosteens, guavas",1981,tonnes,8515710,mangoes
4835,Crops and livestock products,India,Production,"Mangoes, mangosteens, guavas",1982,tonnes,8662810,mangoes
4836,Crops and livestock products,India,Production,"Mangoes, mangosteens, guavas",1983,tonnes,8833800,mangoes
4837,Crops and livestock products,India,Production,"Mangoes, mangosteens, guavas",1984,tonnes,9154460,mangoes
4838,Crops and livestock products,India,Production,"Mangoes, mangosteens, guavas",1985,tonnes,9337520,mangoes
4839,Crops and livestock products,India,Production,"Mangoes, mangosteens, guavas",1986,tonnes,9871000,mangoes
4840,Crops and livestock products,India,Production,"Mangoes, mangosteens, guavas",1987,tonnes,10113330,mangoes
4841,Crops and livestock products,India,Production,"Mangoes, mangosteens, guavas",1988,tonnes,7927000,mangoes
4842,Crops and livestock products,India,Production,"Mangoes, mangosteens, guavas",1989,tonnes,8504000,mangoes
4843,Crops and livestock products,India,Production,"Mangoes, mangosteens, guavas",1990,tonnes,8645405,mangoes
4844,Crops and livestock products,India,Production,"Mangoes, mangosteens, guavas",1991,tonnes,8752134,mangoes
4845,Crops and livestock products,India,Production,"Mangoes, mangosteens, guavas",1992,tonnes,9223256,mangoes
4846,Crops and livestock products,India,Production,"Mangoes, mangosteens, guavas",1993,tonnes,10110000,mangoes
4847,Crops and livestock products,India,Production,"Mangoes, mangosteens, guavas",1994,tonnes,10990000,mangoes
4848,Crops and livestock products,India,Production,"Mangoes, mangosteens, guavas",1995,tonnes,11000000,mangoes
4849,Crops and livestock products,India,Production,"Mangoes, mangosteens, guavas",1996,tonnes,10937183,mangoes
4850,Crops and livestock products,India,Production,"Mangoes, mangosteens, guavas",1997,tonnes,11000000,mangoes
4851,Crops and livestock products,India,Production,"Mangoes, mangosteens, guavas",1998,tonnes,10230000,mangoes
4852,Crops and livestock products,India,Production,"Mangoes, mangosteens, guavas",1999,tonnes,9781700,mangoes
4853,Crops and livestock products,India,Production,"Mangoes, mangosteens, guavas",2000,tonnes,10503500,mangoes
4854,Crops and livestock products,India,Production,"Mangoes, mangosteens, guavas",2001,tonnes,10056800,mangoes
4855,Crops and livestock products,India,Production,"Mangoes, mangosteens, guavas",2002,tonnes,10020200,mangoes
4856,Crops and livestock products,India,Production,"Mangoes, mangosteens, guavas",2003,tonnes,12733200,mangoes
4857,Crops and livestock products,India,Production,"Mangoes, mangosteens, guavas",2004,tonnes,11490000,mangoes
4858,Crops and livestock products,India,Production,"Mangoes, mangosteens, guavas",2005,tonnes,11829700,mangoes
4859,Crops and livestock products,India,Production,"Mangoes, mangosteens, guavas",2006,tonnes,12663100,mangoes
4860,Crops and livestock products,India,Production,"Mangoes, mangosteens, guavas",2007,tonnes,13734000,mangoes
4861,Crops and livestock products,India,Production,"Mangoes, mangosteens, guavas",2008,tonnes,13997000,mangoes
4862,Crops and livestock products,India,Production,"Mangoes, mangosteens, guavas",2009,tonnes,12750000,mangoes
4863,Crops and livestock products,India,Production,"Mangoes, mangosteens, guavas",2010,tonnes,15026700,mangoes
4864,Crops and livestock products,India,Production,"Mangoes, mangosteens, guavas",2011,tonnes,15188000,mangoes
4865,Crops and livestock products,India,Production,"Mangoes, mangosteens, guavas",2012,tonnes,16196000,mangoes
4866,Crops and livestock products,India,Production,"Mangoes, mangosteens, guavas",2013,tonnes,18002000,mangoes
4867,Crops and livestock products,India,Production,"Mangoes, mangosteens, guavas",2014,tonnes,18431330,mangoes
4868,Crops and livestock products,India,Production,"Mangoes, mangosteens, guavas",2015,tonnes,18527000,mangoes
4869,Crops and livestock products,India,Production,"Mangoes, mangosteens, guavas",2016,tonnes,18643000,mangoes
4870,Crops and livestock products,India,Production,"Mangoes, mangosteens, guavas",2017,tonnes,23332000,mangoes
4871,Crops and livestock products,India,Production,"Mangoes, mangosteens, guavas",2018,tonnes,24966000,mangoes
4988,Crops and livestock products,India,Production,"Melons, other (inc.cantaloupes)",1961,tonnes,130000,melons
4989,Crops and livestock products,India,Production,"Melons, other (inc.cantaloupes)",1962,tonnes,135000,melons
4990,Crops and livestock products,India,Production,"Melons, other (inc.cantaloupes)",1963,tonnes,140000,melons
4991,Crops and livestock products,India,Production,"Melons, other (inc.cantaloupes)",1964,tonnes,150000,melons
4992,Crops and livestock products,India,Production,"Melons, other (inc.cantaloupes)",1965,tonnes,155000,melons
4993,Crops and livestock products,India,Production,"Melons, other (inc.cantaloupes)",1966,tonnes,165000,melons
4994,Crops and livestock products,India,Production,"Melons, other (inc.cantaloupes)",1967,tonnes,180000,melons
4995,Crops and livestock products,India,Production,"Melons, other (inc.cantaloupes)",1968,tonnes,183000,melons
4996,Crops and livestock products,India,Production,"Melons, other (inc.cantaloupes)",1969,tonnes,190000,melons
4997,Crops and livestock products,India,Production,"Melons, other (inc.cantaloupes)",1970,tonnes,195000,melons
4998,Crops and livestock products,India,Production,"Melons, other (inc.cantaloupes)",1971,tonnes,200000,melons
4999,Crops and livestock products,India,Production,"Melons, other (inc.cantaloupes)",1972,tonnes,220000,melons
5000,Crops and livestock products,India,Production,"Melons, other (inc.cantaloupes)",1973,tonnes,230000,melons
5001,Crops and livestock products,India,Production,"Melons, other (inc.cantaloupes)",1974,tonnes,250000,melons
5002,Crops and livestock products,India,Production,"Melons, other (inc.cantaloupes)",1975,tonnes,270000,melons
5003,Crops and livestock products,India,Production,"Melons, other (inc.cantaloupes)",1976,tonnes,275000,melons
5004,Crops and livestock products,India,Production,"Melons, other (inc.cantaloupes)",1977,tonnes,290000,melons
5005,Crops and livestock products,India,Production,"Melons, other (inc.cantaloupes)",1978,tonnes,310000,melons
5006,Crops and livestock products,India,Production,"Melons, other (inc.cantaloupes)",1979,tonnes,340000,melons
5007,Crops and livestock products,India,Production,"Melons, other (inc.cantaloupes)",1980,tonnes,370000,melons
5008,Crops and livestock products,India,Production,"Melons, other (inc.cantaloupes)",1981,tonnes,400000,melons
5009,Crops and livestock products,India,Production,"Melons, other (inc.cantaloupes)",1982,tonnes,440000,melons
5010,Crops and livestock products,India,Production,"Melons, other (inc.cantaloupes)",1983,tonnes,470000,melons
5011,Crops and livestock products,India,Production,"Melons, other (inc.cantaloupes)",1984,tonnes,500000,melons
5012,Crops and livestock products,India,Production,"Melons, other (inc.cantaloupes)",1985,tonnes,530000,melons
5013,Crops and livestock products,India,Production,"Melons, other (inc.cantaloupes)",1986,tonnes,550000,melons
5014,Crops and livestock products,India,Production,"Melons, other (inc.cantaloupes)",1987,tonnes,580000,melons
5015,Crops and livestock products,India,Production,"Melons, other (inc.cantaloupes)",1988,tonnes,600000,melons
5016,Crops and livestock products,India,Production,"Melons, other (inc.cantaloupes)",1989,tonnes,610000,melons
5017,Crops and livestock products,India,Production,"Melons, other (inc.cantaloupes)",1990,tonnes,615000,melons
5018,Crops and livestock products,India,Production,"Melons, other (inc.cantaloupes)",1991,tonnes,633000,melons
5019,Crops and livestock products,India,Production,"Melons, other (inc.cantaloupes)",1992,tonnes,620000,melons
5020,Crops and livestock products,India,Production,"Melons, other (inc.cantaloupes)",1993,tonnes,625000,melons
5021,Crops and livestock products,India,Production,"Melons, other (inc.cantaloupes)",1994,tonnes,630000,melons
5022,Crops and livestock products,India,Production,"Melons, other (inc.cantaloupes)",1995,tonnes,635000,melons
5023,Crops and livestock products,India,Production,"Melons, other (inc.cantaloupes)",1996,tonnes,640000,melons
5024,Crops and livestock products,India,Production,"Melons, other (inc.cantaloupes)",1997,tonnes,646357,melons
5025,Crops and livestock products,India,Production,"Melons, other (inc.cantaloupes)",1998,tonnes,645788,melons
5026,Crops and livestock products,India,Production,"Melons, other (inc.cantaloupes)",1999,tonnes,648470,melons
5027,Crops and livestock products,India,Production,"Melons, other (inc.cantaloupes)",2000,tonnes,645000,melons
5028,Crops and livestock products,India,Production,"Melons, other (inc.cantaloupes)",2001,tonnes,657153,melons
5029,Crops and livestock products,India,Production,"Melons, other (inc.cantaloupes)",2002,tonnes,665403,melons
5030,Crops and livestock products,India,Production,"Melons, other (inc.cantaloupes)",2003,tonnes,674080,melons
5031,Crops and livestock products,India,Production,"Melons, other (inc.cantaloupes)",2004,tonnes,758529,melons
5032,Crops and livestock products,India,Production,"Melons, other (inc.cantaloupes)",2005,tonnes,792199,melons
5033,Crops and livestock products,India,Production,"Melons, other (inc.cantaloupes)",2006,tonnes,819427,melons
5034,Crops and livestock products,India,Production,"Melons, other (inc.cantaloupes)",2007,tonnes,847702,melons
5035,Crops and livestock products,India,Production,"Melons, other (inc.cantaloupes)",2008,tonnes,876008,melons
5036,Crops and livestock products,India,Production,"Melons, other (inc.cantaloupes)",2009,tonnes,904054,melons
5037,Crops and livestock products,India,Production,"Melons, other (inc.cantaloupes)",2010,tonnes,931688,melons
5038,Crops and livestock products,India,Production,"Melons, other (inc.cantaloupes)",2011,tonnes,739900,melons
5039,Crops and livestock products,India,Production,"Melons, other (inc.cantaloupes)",2012,tonnes,791000,melons
5040,Crops and livestock products,India,Production,"Melons, other (inc.cantaloupes)",2013,tonnes,868000,melons
5041,Crops and livestock products,India,Production,"Melons, other (inc.cantaloupes)",2014,tonnes,761000,melons
5042,Crops and livestock products,India,Production,"Melons, other (inc.cantaloupes)",2015,tonnes,863000,melons
5043,Crops and livestock products,India,Production,"Melons, other (inc.cantaloupes)",2016,tonnes,935000,melons
5044,Crops and livestock products,India,Production,"Melons, other (inc.cantaloupes)",2017,tonnes,1097000,melons
5045,Crops and livestock products,India,Production,"Melons, other (inc.cantaloupes)",2018,tonnes,1231000,melons
5162,Crops and livestock products,India,Production,"Nutmeg, mace and cardamoms",1961,tonnes,3000,nutmeg
5163,Crops and livestock products,India,Production,"Nutmeg, mace and cardamoms",1962,tonnes,4000,nutmeg
5164,Crops and livestock products,India,Production,"Nutmeg, mace and cardamoms",1963,tonnes,4000,nutmeg
5165,Crops and livestock products,India,Production,"Nutmeg, mace and cardamoms",1964,tonnes,4000,nutmeg
5166,Crops and livestock products,India,Production,"Nutmeg, mace and cardamoms",1965,tonnes,4000,nutmeg
5167,Crops and livestock products,India,Production,"Nutmeg, mace and cardamoms",1966,tonnes,4000,nutmeg
5168,Crops and livestock products,India,Production,"Nutmeg, mace and cardamoms",1967,tonnes,3000,nutmeg
5169,Crops and livestock products,India,Production,"Nutmeg, mace and cardamoms",1968,tonnes,3000,nutmeg
5170,Crops and livestock products,India,Production,"Nutmeg, mace and cardamoms",1969,tonnes,3000,nutmeg
5171,Crops and livestock products,India,Production,"Nutmeg, mace and cardamoms",1970,tonnes,3000,nutmeg
5172,Crops and livestock products,India,Production,"Nutmeg, mace and cardamoms",1971,tonnes,3600,nutmeg
5173,Crops and livestock products,India,Production,"Nutmeg, mace and cardamoms",1972,tonnes,2900,nutmeg
5174,Crops and livestock products,India,Production,"Nutmeg, mace and cardamoms",1973,tonnes,3200,nutmeg
5175,Crops and livestock products,India,Production,"Nutmeg, mace and cardamoms",1974,tonnes,4800,nutmeg
5176,Crops and livestock products,India,Production,"Nutmeg, mace and cardamoms",1975,tonnes,5200,nutmeg
5177,Crops and livestock products,India,Production,"Nutmeg, mace and cardamoms",1976,tonnes,4400,nutmeg
5178,Crops and livestock products,India,Production,"Nutmeg, mace and cardamoms",1977,tonnes,4500,nutmeg
5179,Crops and livestock products,India,Production,"Nutmeg, mace and cardamoms",1978,tonnes,5100,nutmeg
5180,Crops and livestock products,India,Production,"Nutmeg, mace and cardamoms",1979,tonnes,5300,nutmeg
5181,Crops and livestock products,India,Production,"Nutmeg, mace and cardamoms",1980,tonnes,5500,nutmeg
5182,Crops and livestock products,India,Production,"Nutmeg, mace and cardamoms",1981,tonnes,9400,nutmeg
5183,Crops and livestock products,India,Production,"Nutmeg, mace and cardamoms",1982,tonnes,8050,nutmeg
5184,Crops and livestock products,India,Production,"Nutmeg, mace and cardamoms",1983,tonnes,8900,nutmeg
5185,Crops and livestock products,India,Production,"Nutmeg, mace and cardamoms",1984,tonnes,9300,nutmeg
5186,Crops and livestock products,India,Production,"Nutmeg, mace and cardamoms",1985,tonnes,10020,nutmeg
5187,Crops and livestock products,India,Production,"Nutmeg, mace and cardamoms",1986,tonnes,9710,nutmeg
5188,Crops and livestock products,India,Production,"Nutmeg, mace and cardamoms",1987,tonnes,9270,nutmeg
5189,Crops and livestock products,India,Production,"Nutmeg, mace and cardamoms",1988,tonnes,8560,nutmeg
5190,Crops and livestock products,India,Production,"Nutmeg, mace and cardamoms",1989,tonnes,10120,nutmeg
5191,Crops and livestock products,India,Production,"Nutmeg, mace and cardamoms",1990,tonnes,9560,nutmeg
5192,Crops and livestock products,India,Production,"Nutmeg, mace and cardamoms",1991,tonnes,9520,nutmeg
5193,Crops and livestock products,India,Production,"Nutmeg, mace and cardamoms",1992,tonnes,9210,nutmeg
5194,Crops and livestock products,India,Production,"Nutmeg, mace and cardamoms",1993,tonnes,10870,nutmeg
5195,Crops and livestock products,India,Production,"Nutmeg, mace and cardamoms",1994,tonnes,10700,nutmeg
5196,Crops and livestock products,India,Production,"Nutmeg, mace and cardamoms",1995,tonnes,11700,nutmeg
5197,Crops and livestock products,India,Production,"Nutmeg, mace and cardamoms",1996,tonnes,12600,nutmeg
5198,Crops and livestock products,India,Production,"Nutmeg, mace and cardamoms",1997,tonnes,11700,nutmeg
5199,Crops and livestock products,India,Production,"Nutmeg, mace and cardamoms",1998,tonnes,9000,nutmeg
5200,Crops and livestock products,India,Production,"Nutmeg, mace and cardamoms",1999,tonnes,10700,nutmeg
5201,Crops and livestock products,India,Production,"Nutmeg, mace and cardamoms",2000,tonnes,14500,nutmeg
5202,Crops and livestock products,India,Production,"Nutmeg, mace and cardamoms",2001,tonnes,15200,nutmeg
5203,Crops and livestock products,India,Production,"Nutmeg, mace and cardamoms",2002,tonnes,15400,nutmeg
5204,Crops and livestock products,India,Production,"Nutmeg, mace and cardamoms",2003,tonnes,16700,nutmeg
5205,Crops and livestock products,India,Production,"Nutmeg, mace and cardamoms",2004,tonnes,16900,nutmeg
5206,Crops and livestock products,India,Production,"Nutmeg, mace and cardamoms",2005,tonnes,17800,nutmeg
5207,Crops and livestock products,India,Production,"Nutmeg, mace and cardamoms",2006,tonnes,17000,nutmeg
5208,Crops and livestock products,India,Production,"Nutmeg, mace and cardamoms",2007,tonnes,13650,nutmeg
5209,Crops and livestock products,India,Production,"Nutmeg, mace and cardamoms",2008,tonnes,15450,nutmeg
5210,Crops and livestock products,India,Production,"Nutmeg, mace and cardamoms",2009,tonnes,15720,nutmeg
5211,Crops and livestock products,India,Production,"Nutmeg, mace and cardamoms",2010,tonnes,15700,nutmeg
5212,Crops and livestock products,India,Production,"Nutmeg, mace and cardamoms",2011,tonnes,15816,nutmeg
5213,Crops and livestock products,India,Production,"Nutmeg, mace and cardamoms",2012,tonnes,18070,nutmeg
5214,Crops and livestock products,India,Production,"Nutmeg, mace and cardamoms",2013,tonnes,16565,nutmeg
5215,Crops and livestock products,India,Production,"Nutmeg, mace and cardamoms",2014,tonnes,21000,nutmeg
5216,Crops and livestock products,India,Production,"Nutmeg, mace and cardamoms",2015,tonnes,22000,nutmeg
5217,Crops and livestock products,India,Production,"Nutmeg, mace and cardamoms",2016,tonnes,38000,nutmeg
5218,Crops and livestock products,India,Production,"Nutmeg, mace and cardamoms",2017,tonnes,43000,nutmeg
5219,Crops and livestock products,India,Production,"Nutmeg, mace and cardamoms",2018,tonnes,43000,nutmeg
5336,Crops and livestock products,India,Production,Okra,1961,tonnes,775000,okra
5337,Crops and livestock products,India,Production,Okra,1962,tonnes,790000,okra
5338,Crops and livestock products,India,Production,Okra,1963,tonnes,825000,okra
5339,Crops and livestock products,India,Production,Okra,1964,tonnes,845000,okra
5340,Crops and livestock products,India,Production,Okra,1965,tonnes,900000,okra
5341,Crops and livestock products,India,Production,Okra,1966,tonnes,940000,okra
5342,Crops and livestock products,India,Production,Okra,1967,tonnes,970000,okra
5343,Crops and livestock products,India,Production,Okra,1968,tonnes,1000000,okra
5344,Crops and livestock products,India,Production,Okra,1969,tonnes,1050000,okra
5345,Crops and livestock products,India,Production,Okra,1970,tonnes,1150000,okra
5346,Crops and livestock products,India,Production,Okra,1971,tonnes,1190000,okra
5347,Crops and livestock products,India,Production,Okra,1972,tonnes,1240000,okra
5348,Crops and livestock products,India,Production,Okra,1973,tonnes,1340000,okra
5349,Crops and livestock products,India,Production,Okra,1974,tonnes,1375000,okra
5350,Crops and livestock products,India,Production,Okra,1975,tonnes,1430000,okra
5351,Crops and livestock products,India,Production,Okra,1976,tonnes,1480000,okra
5352,Crops and livestock products,India,Production,Okra,1977,tonnes,1530000,okra
5353,Crops and livestock products,India,Production,Okra,1978,tonnes,1550000,okra
5354,Crops and livestock products,India,Production,Okra,1979,tonnes,1625000,okra
5355,Crops and livestock products,India,Production,Okra,1980,tonnes,1700000,okra
5356,Crops and livestock products,India,Production,Okra,1981,tonnes,1740000,okra
5357,Crops and livestock products,India,Production,Okra,1982,tonnes,1770000,okra
5358,Crops and livestock products,India,Production,Okra,1983,tonnes,1850000,okra
5359,Crops and livestock products,India,Production,Okra,1984,tonnes,1900000,okra
5360,Crops and livestock products,India,Production,Okra,1985,tonnes,1950000,okra
5361,Crops and livestock products,India,Production,Okra,1986,tonnes,2050000,okra
5362,Crops and livestock products,India,Production,Okra,1987,tonnes,2110000,okra
5363,Crops and livestock products,India,Production,Okra,1988,tonnes,2190000,okra
5364,Crops and livestock products,India,Production,Okra,1989,tonnes,2250000,okra
5365,Crops and livestock products,India,Production,Okra,1990,tonnes,2280000,okra
5366,Crops and livestock products,India,Production,Okra,1991,tonnes,2327000,okra
5367,Crops and livestock products,India,Production,Okra,1992,tonnes,2400000,okra
5368,Crops and livestock products,India,Production,Okra,1993,tonnes,2405000,okra
5369,Crops and livestock products,India,Production,Okra,1994,tonnes,3030000,okra
5370,Crops and livestock products,India,Production,Okra,1995,tonnes,3900000,okra
5371,Crops and livestock products,India,Production,Okra,1996,tonnes,3800000,okra
5372,Crops and livestock products,India,Production,Okra,1997,tonnes,3700000,okra
5373,Crops and livestock products,India,Production,Okra,1998,tonnes,3210000,okra
5374,Crops and livestock products,India,Production,Okra,1999,tonnes,3380000,okra
5375,Crops and livestock products,India,Production,Okra,2000,tonnes,3420000,okra
5376,Crops and livestock products,India,Production,Okra,2001,tonnes,3340000,okra
5377,Crops and livestock products,India,Production,Okra,2002,tonnes,3320000,okra
5378,Crops and livestock products,India,Production,Okra,2003,tonnes,3530000,okra
5379,Crops and livestock products,India,Production,Okra,2004,tonnes,3631400,okra
5380,Crops and livestock products,India,Production,Okra,2005,tonnes,3512400,okra
5381,Crops and livestock products,India,Production,Okra,2006,tonnes,3974600,okra
5382,Crops and livestock products,India,Production,Okra,2007,tonnes,4070000,okra
5383,Crops and livestock products,India,Production,Okra,2008,tonnes,4179000,okra
5384,Crops and livestock products,India,Production,Okra,2009,tonnes,4528000,okra
5385,Crops and livestock products,India,Production,Okra,2010,tonnes,4803000,okra
5386,Crops and livestock products,India,Production,Okra,2011,tonnes,5784000,okra
5387,Crops and livestock products,India,Production,Okra,2012,tonnes,6259000,okra
5388,Crops and livestock products,India,Production,Okra,2013,tonnes,6350000,okra
5389,Crops and livestock products,India,Production,Okra,2014,tonnes,6346370,okra
5390,Crops and livestock products,India,Production,Okra,2015,tonnes,5709000,okra
5391,Crops and livestock products,India,Production,Okra,2016,tonnes,5849000,okra
5392,Crops and livestock products,India,Production,Okra,2017,tonnes,6003000,okra
5393,Crops and livestock products,India,Production,Okra,2018,tonnes,6095000,okra
5510,Crops and livestock products,India,Production,"Onions, dry",1961,tonnes,1200000,onions
5511,Crops and livestock products,India,Production,"Onions, dry",1962,tonnes,1230000,onions
5512,Crops and livestock products,India,Production,"Onions, dry",1963,tonnes,1260000,onions
5513,Crops and livestock products,India,Production,"Onions, dry",1964,tonnes,1290000,onions
5514,Crops and livestock products,India,Production,"Onions, dry",1965,tonnes,1320000,onions
5515,Crops and livestock products,India,Production,"Onions, dry",1966,tonnes,1350000,onions
5516,Crops and livestock products,India,Production,"Onions, dry",1967,tonnes,1629000,onions
5517,Crops and livestock products,India,Production,"Onions, dry",1968,tonnes,1700000,onions
5518,Crops and livestock products,India,Production,"Onions, dry",1969,tonnes,1750000,onions
5519,Crops and livestock products,India,Production,"Onions, dry",1970,tonnes,1800000,onions
5520,Crops and livestock products,India,Production,"Onions, dry",1971,tonnes,1900000,onions
5521,Crops and livestock products,India,Production,"Onions, dry",1972,tonnes,1920000,onions
5522,Crops and livestock products,India,Production,"Onions, dry",1973,tonnes,1980000,onions
5523,Crops and livestock products,India,Production,"Onions, dry",1974,tonnes,2000000,onions
5524,Crops and livestock products,India,Production,"Onions, dry",1975,tonnes,2100000,onions
5525,Crops and livestock products,India,Production,"Onions, dry",1976,tonnes,1950000,onions
5526,Crops and livestock products,India,Production,"Onions, dry",1977,tonnes,2230000,onions
5527,Crops and livestock products,India,Production,"Onions, dry",1978,tonnes,2200000,onions
5528,Crops and livestock products,India,Production,"Onions, dry",1979,tonnes,2499700,onions
5529,Crops and livestock products,India,Production,"Onions, dry",1980,tonnes,2504300,onions
5530,Crops and livestock products,India,Production,"Onions, dry",1981,tonnes,2647900,onions
5531,Crops and livestock products,India,Production,"Onions, dry",1982,tonnes,2426600,onions
5532,Crops and livestock products,India,Production,"Onions, dry",1983,tonnes,2699100,onions
5533,Crops and livestock products,India,Production,"Onions, dry",1984,tonnes,3098900,onions
5534,Crops and livestock products,India,Production,"Onions, dry",1985,tonnes,2862700,onions
5535,Crops and livestock products,India,Production,"Onions, dry",1986,tonnes,2532600,onions
5536,Crops and livestock products,India,Production,"Onions, dry",1987,tonnes,2700700,onions
5537,Crops and livestock products,India,Production,"Onions, dry",1988,tonnes,3347300,onions
5538,Crops and livestock products,India,Production,"Onions, dry",1989,tonnes,3065100,onions
5539,Crops and livestock products,India,Production,"Onions, dry",1990,tonnes,3226200,onions
5540,Crops and livestock products,India,Production,"Onions, dry",1991,tonnes,3584700,onions
5541,Crops and livestock products,India,Production,"Onions, dry",1992,tonnes,3490000,onions
5542,Crops and livestock products,India,Production,"Onions, dry",1993,tonnes,4010000,onions
5543,Crops and livestock products,India,Production,"Onions, dry",1994,tonnes,4040000,onions
5544,Crops and livestock products,India,Production,"Onions, dry",1995,tonnes,4080000,onions
5545,Crops and livestock products,India,Production,"Onions, dry",1996,tonnes,4180000,onions
5546,Crops and livestock products,India,Production,"Onions, dry",1997,tonnes,3200000,onions
5547,Crops and livestock products,India,Production,"Onions, dry",1998,tonnes,5331900,onions
5548,Crops and livestock products,India,Production,"Onions, dry",1999,tonnes,4899500,onions
5549,Crops and livestock products,India,Production,"Onions, dry",2000,tonnes,4721100,onions
5550,Crops and livestock products,India,Production,"Onions, dry",2001,tonnes,5252100,onions
5551,Crops and livestock products,India,Production,"Onions, dry",2002,tonnes,4209500,onions
5552,Crops and livestock products,India,Production,"Onions, dry",2003,tonnes,6267600,onions
5553,Crops and livestock products,India,Production,"Onions, dry",2004,tonnes,7760600,onions
5554,Crops and livestock products,India,Production,"Onions, dry",2005,tonnes,9432500,onions
5555,Crops and livestock products,India,Production,"Onions, dry",2006,tonnes,10847000,onions
5556,Crops and livestock products,India,Production,"Onions, dry",2007,tonnes,13900000,onions
5557,Crops and livestock products,India,Production,"Onions, dry",2008,tonnes,13565000,onions
5558,Crops and livestock products,India,Production,"Onions, dry",2009,tonnes,12158800,onions
5559,Crops and livestock products,India,Production,"Onions, dry",2010,tonnes,15118000,onions
5560,Crops and livestock products,India,Production,"Onions, dry",2011,tonnes,17511090,onions
5561,Crops and livestock products,India,Production,"Onions, dry",2012,tonnes,16813000,onions
5562,Crops and livestock products,India,Production,"Onions, dry",2013,tonnes,19299000,onions
5563,Crops and livestock products,India,Production,"Onions, dry",2014,tonnes,19401680,onions
5564,Crops and livestock products,India,Production,"Onions, dry",2015,tonnes,18927000,onions
5565,Crops and livestock products,India,Production,"Onions, dry",2016,tonnes,20931000,onions
5566,Crops and livestock products,India,Production,"Onions, dry",2017,tonnes,22427000,onions
5567,Crops and livestock products,India,Production,"Onions, dry",2018,tonnes,23262000,onions
5684,Crops and livestock products,India,Production,Oranges,1961,tonnes,752000,oranges
5685,Crops and livestock products,India,Production,Oranges,1962,tonnes,670000,oranges
5686,Crops and livestock products,India,Production,Oranges,1963,tonnes,670000,oranges
5687,Crops and livestock products,India,Production,Oranges,1964,tonnes,691000,oranges
5688,Crops and livestock products,India,Production,Oranges,1965,tonnes,780000,oranges
5689,Crops and livestock products,India,Production,Oranges,1966,tonnes,900000,oranges
5690,Crops and livestock products,India,Production,Oranges,1967,tonnes,1000000,oranges
5691,Crops and livestock products,India,Production,Oranges,1968,tonnes,1213000,oranges
5692,Crops and livestock products,India,Production,Oranges,1969,tonnes,1100000,oranges
5693,Crops and livestock products,India,Production,Oranges,1970,tonnes,1200000,oranges
5694,Crops and livestock products,India,Production,Oranges,1971,tonnes,1250000,oranges
5695,Crops and livestock products,India,Production,Oranges,1972,tonnes,1300000,oranges
5696,Crops and livestock products,India,Production,Oranges,1973,tonnes,1200000,oranges
5697,Crops and livestock products,India,Production,Oranges,1974,tonnes,1300000,oranges
5698,Crops and livestock products,India,Production,Oranges,1975,tonnes,1150000,oranges
5699,Crops and livestock products,India,Production,Oranges,1976,tonnes,1400000,oranges
5700,Crops and livestock products,India,Production,Oranges,1977,tonnes,1138000,oranges
5701,Crops and livestock products,India,Production,Oranges,1978,tonnes,1070000,oranges
5702,Crops and livestock products,India,Production,Oranges,1979,tonnes,1130000,oranges
5703,Crops and livestock products,India,Production,Oranges,1980,tonnes,1171000,oranges
5704,Crops and livestock products,India,Production,Oranges,1981,tonnes,1209000,oranges
5705,Crops and livestock products,India,Production,Oranges,1982,tonnes,1258000,oranges
5706,Crops and livestock products,India,Production,Oranges,1983,tonnes,1358000,oranges
5707,Crops and livestock products,India,Production,Oranges,1984,tonnes,1347000,oranges
5708,Crops and livestock products,India,Production,Oranges,1985,tonnes,1350000,oranges
5709,Crops and livestock products,India,Production,Oranges,1986,tonnes,1346000,oranges
5710,Crops and livestock products,India,Production,Oranges,1987,tonnes,1500000,oranges
5711,Crops and livestock products,India,Production,Oranges,1988,tonnes,1400000,oranges
5712,Crops and livestock products,India,Production,Oranges,1989,tonnes,1920000,oranges
5713,Crops and livestock products,India,Production,Oranges,1990,tonnes,2010000,oranges
5714,Crops and livestock products,India,Production,Oranges,1991,tonnes,1890000,oranges
5715,Crops and livestock products,India,Production,Oranges,1992,tonnes,1330000,oranges
5716,Crops and livestock products,India,Production,Oranges,1993,tonnes,1895000,oranges
5717,Crops and livestock products,India,Production,Oranges,1994,tonnes,1883200,oranges
5718,Crops and livestock products,India,Production,Oranges,1995,tonnes,1595200,oranges
5719,Crops and livestock products,India,Production,Oranges,1996,tonnes,2041300,oranges
5720,Crops and livestock products,India,Production,Oranges,1997,tonnes,2564000,oranges
5721,Crops and livestock products,India,Production,Oranges,1998,tonnes,2354200,oranges
5722,Crops and livestock products,India,Production,Oranges,1999,tonnes,2446800,oranges
5723,Crops and livestock products,India,Production,Oranges,2000,tonnes,2674700,oranges
5724,Crops and livestock products,India,Production,Oranges,2001,tonnes,2574700,oranges
5725,Crops and livestock products,India,Production,Oranges,2002,tonnes,2870500,oranges
5726,Crops and livestock products,India,Production,Oranges,2003,tonnes,1921900,oranges
5727,Crops and livestock products,India,Production,Oranges,2004,tonnes,3263200,oranges
5728,Crops and livestock products,India,Production,Oranges,2005,tonnes,3314000,oranges
5729,Crops and livestock products,India,Production,Oranges,2006,tonnes,3437400,oranges
5730,Crops and livestock products,India,Production,Oranges,2007,tonnes,4266900,oranges
5731,Crops and livestock products,India,Production,Oranges,2008,tonnes,4860300,oranges
5732,Crops and livestock products,India,Production,Oranges,2009,tonnes,5201350,oranges
5733,Crops and livestock products,India,Production,Oranges,2010,tonnes,5966400,oranges
5734,Crops and livestock products,India,Production,Oranges,2011,tonnes,4571000,oranges
5735,Crops and livestock products,India,Production,Oranges,2012,tonnes,4360400,oranges
5736,Crops and livestock products,India,Production,Oranges,2013,tonnes,6426200,oranges
5737,Crops and livestock products,India,Production,Oranges,2014,tonnes,7317610,oranges
5738,Crops and livestock products,India,Production,Oranges,2015,tonnes,7710000,oranges
5739,Crops and livestock products,India,Production,Oranges,2016,tonnes,7581000,oranges
5740,Crops and livestock products,India,Production,Oranges,2017,tonnes,7647000,oranges
5741,Crops and livestock products,India,Production,Oranges,2018,tonnes,8367000,oranges
5858,Crops and livestock products,India,Production,Papayas,1961,tonnes,228000,papaya
5859,Crops and livestock products,India,Production,Papayas,1962,tonnes,232000,papaya
5860,Crops and livestock products,India,Production,Papayas,1963,tonnes,236000,papaya
5861,Crops and livestock products,India,Production,Papayas,1964,tonnes,151000,papaya
5862,Crops and livestock products,India,Production,Papayas,1965,tonnes,179000,papaya
5863,Crops and livestock products,India,Production,Papayas,1966,tonnes,206000,papaya
5864,Crops and livestock products,India,Production,Papayas,1967,tonnes,209000,papaya
5865,Crops and livestock products,India,Production,Papayas,1968,tonnes,205000,papaya
5866,Crops and livestock products,India,Production,Papayas,1969,tonnes,222000,papaya
5867,Crops and livestock products,India,Production,Papayas,1970,tonnes,204680,papaya
5868,Crops and livestock products,India,Production,Papayas,1971,tonnes,246806,papaya
5869,Crops and livestock products,India,Production,Papayas,1972,tonnes,188867,papaya
5870,Crops and livestock products,India,Production,Papayas,1973,tonnes,218318,papaya
5871,Crops and livestock products,India,Production,Papayas,1974,tonnes,226211,papaya
5872,Crops and livestock products,India,Production,Papayas,1975,tonnes,224900,papaya
5873,Crops and livestock products,India,Production,Papayas,1976,tonnes,232571,papaya
5874,Crops and livestock products,India,Production,Papayas,1977,tonnes,450441,papaya
5875,Crops and livestock products,India,Production,Papayas,1978,tonnes,408510,papaya
5876,Crops and livestock products,India,Production,Papayas,1979,tonnes,419002,papaya
5877,Crops and livestock products,India,Production,Papayas,1980,tonnes,413467,papaya
5878,Crops and livestock products,India,Production,Papayas,1981,tonnes,248129,papaya
5879,Crops and livestock products,India,Production,Papayas,1982,tonnes,358457,papaya
5880,Crops and livestock products,India,Production,Papayas,1983,tonnes,325544,papaya
5881,Crops and livestock products,India,Production,Papayas,1984,tonnes,254000,papaya
5882,Crops and livestock products,India,Production,Papayas,1985,tonnes,240000,papaya
5883,Crops and livestock products,India,Production,Papayas,1986,tonnes,278767,papaya
5884,Crops and livestock products,India,Production,Papayas,1987,tonnes,276346,papaya
5885,Crops and livestock products,India,Production,Papayas,1988,tonnes,386486,papaya
5886,Crops and livestock products,India,Production,Papayas,1989,tonnes,354304,papaya
5887,Crops and livestock products,India,Production,Papayas,1990,tonnes,451497,papaya
5888,Crops and livestock products,India,Production,Papayas,1991,tonnes,805300,papaya
5889,Crops and livestock products,India,Production,Papayas,1992,tonnes,803617,papaya
5890,Crops and livestock products,India,Production,Papayas,1993,tonnes,1266720,papaya
5891,Crops and livestock products,India,Production,Papayas,1994,tonnes,1373460,papaya
5892,Crops and livestock products,India,Production,Papayas,1995,tonnes,1329670,papaya
5893,Crops and livestock products,India,Production,Papayas,1996,tonnes,1299330,papaya
5894,Crops and livestock products,India,Production,Papayas,1997,tonnes,1618490,papaya
5895,Crops and livestock products,India,Production,Papayas,1998,tonnes,1582270,papaya
5896,Crops and livestock products,India,Production,Papayas,1999,tonnes,1666470,papaya
5897,Crops and livestock products,India,Production,Papayas,2000,tonnes,1796960,papaya
5898,Crops and livestock products,India,Production,Papayas,2001,tonnes,2590400,papaya
5899,Crops and livestock products,India,Production,Papayas,2002,tonnes,2147200,papaya
5900,Crops and livestock products,India,Production,Papayas,2003,tonnes,1692100,papaya
5901,Crops and livestock products,India,Production,Papayas,2004,tonnes,2535100,papaya
5902,Crops and livestock products,India,Production,Papayas,2005,tonnes,2139300,papaya
5903,Crops and livestock products,India,Production,Papayas,2006,tonnes,2482100,papaya
5904,Crops and livestock products,India,Production,Papayas,2007,tonnes,2909000,papaya
5905,Crops and livestock products,India,Production,Papayas,2008,tonnes,3629000,papaya
5906,Crops and livestock products,India,Production,Papayas,2009,tonnes,3913500,papaya
5907,Crops and livestock products,India,Production,Papayas,2010,tonnes,4196000,papaya
5908,Crops and livestock products,India,Production,Papayas,2011,tonnes,4457100,papaya
5909,Crops and livestock products,India,Production,Papayas,2012,tonnes,5382000,papaya
5910,Crops and livestock products,India,Production,Papayas,2013,tonnes,5544000,papaya
5911,Crops and livestock products,India,Production,Papayas,2014,tonnes,5639300,papaya
5912,Crops and livestock products,India,Production,Papayas,2015,tonnes,4913000,papaya
5913,Crops and livestock products,India,Production,Papayas,2016,tonnes,5667000,papaya
5914,Crops and livestock products,India,Production,Papayas,2017,tonnes,5940000,papaya
5915,Crops and livestock products,India,Production,Papayas,2018,tonnes,5989000,papaya
6032,Crops and livestock products,India,Production,Peaches and nectarines,1961,tonnes,43000,peaches
6033,Crops and livestock products,India,Production,Peaches and nectarines,1962,tonnes,39000,peaches
6034,Crops and livestock products,India,Production,Peaches and nectarines,1963,tonnes,49000,peaches
6035,Crops and livestock products,India,Production,Peaches and nectarines,1964,tonnes,45000,peaches
6036,Crops and livestock products,India,Production,Peaches and nectarines,1965,tonnes,48000,peaches
6037,Crops and livestock products,India,Production,Peaches and nectarines,1966,tonnes,45000,peaches
6038,Crops and livestock products,India,Production,Peaches and nectarines,1967,tonnes,49000,peaches
6039,Crops and livestock products,India,Production,Peaches and nectarines,1968,tonnes,50000,peaches
6040,Crops and livestock products,India,Production,Peaches and nectarines,1969,tonnes,49000,peaches
6041,Crops and livestock products,India,Production,Peaches and nectarines,1970,tonnes,48500,peaches
6042,Crops and livestock products,India,Production,Peaches and nectarines,1971,tonnes,44000,peaches
6043,Crops and livestock products,India,Production,Peaches and nectarines,1972,tonnes,45000,peaches
6044,Crops and livestock products,India,Production,Peaches and nectarines,1973,tonnes,53000,peaches
6045,Crops and livestock products,India,Production,Peaches and nectarines,1974,tonnes,47000,peaches
6046,Crops and livestock products,India,Production,Peaches and nectarines,1975,tonnes,48000,peaches
6047,Crops and livestock products,India,Production,Peaches and nectarines,1976,tonnes,63000,peaches
6048,Crops and livestock products,India,Production,Peaches and nectarines,1977,tonnes,66000,peaches
6049,Crops and livestock products,India,Production,Peaches and nectarines,1978,tonnes,54000,peaches
6050,Crops and livestock products,India,Production,Peaches and nectarines,1979,tonnes,73000,peaches
6051,Crops and livestock products,India,Production,Peaches and nectarines,1980,tonnes,78000,peaches
6052,Crops and livestock products,India,Production,Peaches and nectarines,1981,tonnes,76000,peaches
6053,Crops and livestock products,India,Production,Peaches and nectarines,1982,tonnes,78000,peaches
6054,Crops and livestock products,India,Production,Peaches and nectarines,1983,tonnes,70000,peaches
6055,Crops and livestock products,India,Production,Peaches and nectarines,1984,tonnes,60000,peaches
6056,Crops and livestock products,India,Production,Peaches and nectarines,1985,tonnes,65000,peaches
6057,Crops and livestock products,India,Production,Peaches and nectarines,1986,tonnes,80000,peaches
6058,Crops and livestock products,India,Production,Peaches and nectarines,1987,tonnes,90300,peaches
6059,Crops and livestock products,India,Production,Peaches and nectarines,1988,tonnes,63912,peaches
6060,Crops and livestock products,India,Production,Peaches and nectarines,1989,tonnes,67305,peaches
6061,Crops and livestock products,India,Production,Peaches and nectarines,1990,tonnes,70000,peaches
6062,Crops and livestock products,India,Production,Peaches and nectarines,1991,tonnes,75000,peaches
6063,Crops and livestock products,India,Production,Peaches and nectarines,1992,tonnes,80000,peaches
6064,Crops and livestock products,India,Production,Peaches and nectarines,1993,tonnes,83000,peaches
6065,Crops and livestock products,India,Production,Peaches and nectarines,1994,tonnes,85000,peaches
6066,Crops and livestock products,India,Production,Peaches and nectarines,1995,tonnes,89000,peaches
6067,Crops and livestock products,India,Production,Peaches and nectarines,1996,tonnes,95000,peaches
6068,Crops and livestock products,India,Production,Peaches and nectarines,1997,tonnes,100000,peaches
6069,Crops and livestock products,India,Production,Peaches and nectarines,1998,tonnes,101000,peaches
6070,Crops and livestock products,India,Production,Peaches and nectarines,1999,tonnes,114000,peaches
6071,Crops and livestock products,India,Production,Peaches and nectarines,2000,tonnes,120000,peaches
6072,Crops and livestock products,India,Production,Peaches and nectarines,2001,tonnes,150000,peaches
6073,Crops and livestock products,India,Production,Peaches and nectarines,2002,tonnes,165966,peaches
6074,Crops and livestock products,India,Production,Peaches and nectarines,2003,tonnes,183639,peaches
6075,Crops and livestock products,India,Production,Peaches and nectarines,2004,tonnes,199356,peaches
6076,Crops and livestock products,India,Production,Peaches and nectarines,2005,tonnes,203254,peaches
6077,Crops and livestock products,India,Production,Peaches and nectarines,2006,tonnes,212948,peaches
6078,Crops and livestock products,India,Production,Peaches and nectarines,2007,tonnes,226454,peaches
6079,Crops and livestock products,India,Production,Peaches and nectarines,2008,tonnes,231755,peaches
6080,Crops and livestock products,India,Production,Peaches and nectarines,2009,tonnes,236240,peaches
6081,Crops and livestock products,India,Production,Peaches and nectarines,2010,tonnes,244000,peaches
6082,Crops and livestock products,India,Production,Peaches and nectarines,2011,tonnes,243000,peaches
6083,Crops and livestock products,India,Production,Peaches and nectarines,2012,tonnes,250000,peaches
6084,Crops and livestock products,India,Production,Peaches and nectarines,2013,tonnes,250000,peaches
6085,Crops and livestock products,India,Production,Peaches and nectarines,2014,tonnes,260000,peaches
6086,Crops and livestock products,India,Production,Peaches and nectarines,2015,tonnes,264318,peaches
6087,Crops and livestock products,India,Production,Peaches and nectarines,2016,tonnes,269174,peaches
6088,Crops and livestock products,India,Production,Peaches and nectarines,2017,tonnes,264498,peaches
6089,Crops and livestock products,India,Production,Peaches and nectarines,2018,tonnes,265997,peaches
6206,Crops and livestock products,India,Production,Pears,1961,tonnes,33000,pears
6207,Crops and livestock products,India,Production,Pears,1962,tonnes,37000,pears
6208,Crops and livestock products,India,Production,Pears,1963,tonnes,40000,pears
6209,Crops and livestock products,India,Production,Pears,1964,tonnes,46000,pears
6210,Crops and livestock products,India,Production,Pears,1965,tonnes,45000,pears
6211,Crops and livestock products,India,Production,Pears,1966,tonnes,47000,pears
6212,Crops and livestock products,India,Production,Pears,1967,tonnes,48000,pears
6213,Crops and livestock products,India,Production,Pears,1968,tonnes,49000,pears
6214,Crops and livestock products,India,Production,Pears,1969,tonnes,50000,pears
6215,Crops and livestock products,India,Production,Pears,1970,tonnes,52000,pears
6216,Crops and livestock products,India,Production,Pears,1971,tonnes,54000,pears
6217,Crops and livestock products,India,Production,Pears,1972,tonnes,52000,pears
6218,Crops and livestock products,India,Production,Pears,1973,tonnes,54000,pears
6219,Crops and livestock products,India,Production,Pears,1974,tonnes,54000,pears
6220,Crops and livestock products,India,Production,Pears,1975,tonnes,56000,pears
6221,Crops and livestock products,India,Production,Pears,1976,tonnes,58000,pears
6222,Crops and livestock products,India,Production,Pears,1977,tonnes,60000,pears
6223,Crops and livestock products,India,Production,Pears,1978,tonnes,62000,pears
6224,Crops and livestock products,India,Production,Pears,1979,tonnes,62000,pears
6225,Crops and livestock products,India,Production,Pears,1980,tonnes,64000,pears
6226,Crops and livestock products,India,Production,Pears,1981,tonnes,65000,pears
6227,Crops and livestock products,India,Production,Pears,1982,tonnes,65000,pears
6228,Crops and livestock products,India,Production,Pears,1983,tonnes,70000,pears
6229,Crops and livestock products,India,Production,Pears,1984,tonnes,80000,pears
6230,Crops and livestock products,India,Production,Pears,1985,tonnes,85000,pears
6231,Crops and livestock products,India,Production,Pears,1986,tonnes,82000,pears
6232,Crops and livestock products,India,Production,Pears,1987,tonnes,72676,pears
6233,Crops and livestock products,India,Production,Pears,1988,tonnes,82151,pears
6234,Crops and livestock products,India,Production,Pears,1989,tonnes,118658,pears
6235,Crops and livestock products,India,Production,Pears,1990,tonnes,157987,pears
6236,Crops and livestock products,India,Production,Pears,1991,tonnes,115000,pears
6237,Crops and livestock products,India,Production,Pears,1992,tonnes,120000,pears
6238,Crops and livestock products,India,Production,Pears,1993,tonnes,130000,pears
6239,Crops and livestock products,India,Production,Pears,1994,tonnes,135538,pears
6240,Crops and livestock products,India,Production,Pears,1995,tonnes,140000,pears
6241,Crops and livestock products,India,Production,Pears,1996,tonnes,150000,pears
6242,Crops and livestock products,India,Production,Pears,1997,tonnes,153000,pears
6243,Crops and livestock products,India,Production,Pears,1998,tonnes,158000,pears
6244,Crops and livestock products,India,Production,Pears,1999,tonnes,178000,pears
6245,Crops and livestock products,India,Production,Pears,2000,tonnes,188000,pears
6246,Crops and livestock products,India,Production,Pears,2001,tonnes,200000,pears
6247,Crops and livestock products,India,Production,Pears,2002,tonnes,216203,pears
6248,Crops and livestock products,India,Production,Pears,2003,tonnes,230869,pears
6249,Crops and livestock products,India,Production,Pears,2004,tonnes,245887,pears
6250,Crops and livestock products,India,Production,Pears,2005,tonnes,263718,pears
6251,Crops and livestock products,India,Production,Pears,2006,tonnes,278673,pears
6252,Crops and livestock products,India,Production,Pears,2007,tonnes,301548,pears
6253,Crops and livestock products,India,Production,Pears,2008,tonnes,311806,pears
6254,Crops and livestock products,India,Production,Pears,2009,tonnes,320464,pears
6255,Crops and livestock products,India,Production,Pears,2010,tonnes,336000,pears
6256,Crops and livestock products,India,Production,Pears,2011,tonnes,335000,pears
6257,Crops and livestock products,India,Production,Pears,2012,tonnes,340000,pears
6258,Crops and livestock products,India,Production,Pears,2013,tonnes,325000,pears
6259,Crops and livestock products,India,Production,Pears,2014,tonnes,316700,pears
6260,Crops and livestock products,India,Production,Pears,2015,tonnes,303000,pears
6261,Crops and livestock products,India,Production,Pears,2016,tonnes,323000,pears
6262,Crops and livestock products,India,Production,Pears,2017,tonnes,346000,pears
6263,Crops and livestock products,India,Production,Pears,2018,tonnes,318000,pears
6380,Crops and livestock products,India,Production,"Peas, green",1961,tonnes,550000,peas
6381,Crops and livestock products,India,Production,"Peas, green",1962,tonnes,550000,peas
6382,Crops and livestock products,India,Production,"Peas, green",1963,tonnes,570000,peas
6383,Crops and livestock products,India,Production,"Peas, green",1964,tonnes,600000,peas
6384,Crops and livestock products,India,Production,"Peas, green",1965,tonnes,625000,peas
6385,Crops and livestock products,India,Production,"Peas, green",1966,tonnes,655000,peas
6386,Crops and livestock products,India,Production,"Peas, green",1967,tonnes,700000,peas
6387,Crops and livestock products,India,Production,"Peas, green",1968,tonnes,730000,peas
6388,Crops and livestock products,India,Production,"Peas, green",1969,tonnes,750000,peas
6389,Crops and livestock products,India,Production,"Peas, green",1970,tonnes,780000,peas
6390,Crops and livestock products,India,Production,"Peas, green",1971,tonnes,810000,peas
6391,Crops and livestock products,India,Production,"Peas, green",1972,tonnes,840000,peas
6392,Crops and livestock products,India,Production,"Peas, green",1973,tonnes,880000,peas
6393,Crops and livestock products,India,Production,"Peas, green",1974,tonnes,930000,peas
6394,Crops and livestock products,India,Production,"Peas, green",1975,tonnes,960000,peas
6395,Crops and livestock products,India,Production,"Peas, green",1976,tonnes,1000000,peas
6396,Crops and livestock products,India,Production,"Peas, green",1977,tonnes,1000000,peas
6397,Crops and livestock products,India,Production,"Peas, green",1978,tonnes,1050000,peas
6398,Crops and livestock products,India,Production,"Peas, green",1979,tonnes,1070000,peas
6399,Crops and livestock products,India,Production,"Peas, green",1980,tonnes,1125000,peas
6400,Crops and livestock products,India,Production,"Peas, green",1981,tonnes,1200000,peas
6401,Crops and livestock products,India,Production,"Peas, green",1982,tonnes,1240000,peas
6402,Crops and livestock products,India,Production,"Peas, green",1983,tonnes,1250000,peas
6403,Crops and livestock products,India,Production,"Peas, green",1984,tonnes,1250000,peas
6404,Crops and livestock products,India,Production,"Peas, green",1985,tonnes,1380000,peas
6405,Crops and livestock products,India,Production,"Peas, green",1986,tonnes,1430000,peas
6406,Crops and livestock products,India,Production,"Peas, green",1987,tonnes,1625000,peas
6407,Crops and livestock products,India,Production,"Peas, green",1988,tonnes,1690000,peas
6408,Crops and livestock products,India,Production,"Peas, green",1989,tonnes,1790000,peas
6409,Crops and livestock products,India,Production,"Peas, green",1990,tonnes,1900000,peas
6410,Crops and livestock products,India,Production,"Peas, green",1991,tonnes,2106000,peas
6411,Crops and livestock products,India,Production,"Peas, green",1992,tonnes,2100000,peas
6412,Crops and livestock products,India,Production,"Peas, green",1993,tonnes,2150000,peas
6413,Crops and livestock products,India,Production,"Peas, green",1994,tonnes,2400000,peas
6414,Crops and livestock products,India,Production,"Peas, green",1995,tonnes,2500000,peas
6415,Crops and livestock products,India,Production,"Peas, green",1996,tonnes,2000000,peas
6416,Crops and livestock products,India,Production,"Peas, green",1997,tonnes,2200000,peas
6417,Crops and livestock products,India,Production,"Peas, green",1998,tonnes,2420000,peas
6418,Crops and livestock products,India,Production,"Peas, green",1999,tonnes,2700000,peas
6419,Crops and livestock products,India,Production,"Peas, green",2000,tonnes,2710000,peas
6420,Crops and livestock products,India,Production,"Peas, green",2001,tonnes,3010000,peas
6421,Crops and livestock products,India,Production,"Peas, green",2002,tonnes,2040000,peas
6422,Crops and livestock products,India,Production,"Peas, green",2003,tonnes,2061800,peas
6423,Crops and livestock products,India,Production,"Peas, green",2004,tonnes,1901200,peas
6424,Crops and livestock products,India,Production,"Peas, green",2005,tonnes,1944800,peas
6425,Crops and livestock products,India,Production,"Peas, green",2006,tonnes,2270000,peas
6426,Crops and livestock products,India,Production,"Peas, green",2007,tonnes,2402000,peas
6427,Crops and livestock products,India,Production,"Peas, green",2008,tonnes,2491000,peas
6428,Crops and livestock products,India,Production,"Peas, green",2009,tonnes,2916000,peas
6429,Crops and livestock products,India,Production,"Peas, green",2010,tonnes,3029400,peas
6430,Crops and livestock products,India,Production,"Peas, green",2011,tonnes,3517000,peas
6431,Crops and livestock products,India,Production,"Peas, green",2012,tonnes,3744800,peas
6432,Crops and livestock products,India,Production,"Peas, green",2013,tonnes,4006200,peas
6433,Crops and livestock products,India,Production,"Peas, green",2014,tonnes,3868630,peas
6434,Crops and livestock products,India,Production,"Peas, green",2015,tonnes,4652000,peas
6435,Crops and livestock products,India,Production,"Peas, green",2016,tonnes,4811000,peas
6436,Crops and livestock products,India,Production,"Peas, green",2017,tonnes,5345000,peas
6437,Crops and livestock products,India,Production,"Peas, green",2018,tonnes,5422000,peas
6554,Crops and livestock products,India,Production,Pepper (piper spp.),1961,tonnes,28000,pepper
6555,Crops and livestock products,India,Production,Pepper (piper spp.),1962,tonnes,26000,pepper
6556,Crops and livestock products,India,Production,Pepper (piper spp.),1963,tonnes,24000,pepper
6557,Crops and livestock products,India,Production,Pepper (piper spp.),1964,tonnes,24000,pepper
6558,Crops and livestock products,India,Production,Pepper (piper spp.),1965,tonnes,23000,pepper
6559,Crops and livestock products,India,Production,Pepper (piper spp.),1966,tonnes,27000,pepper
6560,Crops and livestock products,India,Production,Pepper (piper spp.),1967,tonnes,26000,pepper
6561,Crops and livestock products,India,Production,Pepper (piper spp.),1968,tonnes,25700,pepper
6562,Crops and livestock products,India,Production,Pepper (piper spp.),1969,tonnes,25500,pepper
6563,Crops and livestock products,India,Production,Pepper (piper spp.),1970,tonnes,26160,pepper
6564,Crops and livestock products,India,Production,Pepper (piper spp.),1971,tonnes,26160,pepper
6565,Crops and livestock products,India,Production,Pepper (piper spp.),1972,tonnes,26190,pepper
6566,Crops and livestock products,India,Production,Pepper (piper spp.),1973,tonnes,28700,pepper
6567,Crops and livestock products,India,Production,Pepper (piper spp.),1974,tonnes,28180,pepper
6568,Crops and livestock products,India,Production,Pepper (piper spp.),1975,tonnes,25570,pepper
6569,Crops and livestock products,India,Production,Pepper (piper spp.),1976,tonnes,31620,pepper
6570,Crops and livestock products,India,Production,Pepper (piper spp.),1977,tonnes,25620,pepper
6571,Crops and livestock products,India,Production,Pepper (piper spp.),1978,tonnes,21500,pepper
6572,Crops and livestock products,India,Production,Pepper (piper spp.),1979,tonnes,27700,pepper
6573,Crops and livestock products,India,Production,Pepper (piper spp.),1980,tonnes,29490,pepper
6574,Crops and livestock products,India,Production,Pepper (piper spp.),1981,tonnes,29500,pepper
6575,Crops and livestock products,India,Production,Pepper (piper spp.),1982,tonnes,29200,pepper
6576,Crops and livestock products,India,Production,Pepper (piper spp.),1983,tonnes,26610,pepper
6577,Crops and livestock products,India,Production,Pepper (piper spp.),1984,tonnes,22710,pepper
6578,Crops and livestock products,India,Production,Pepper (piper spp.),1985,tonnes,18220,pepper
6579,Crops and livestock products,India,Production,Pepper (piper spp.),1986,tonnes,34000,pepper
6580,Crops and livestock products,India,Production,Pepper (piper spp.),1987,tonnes,31340,pepper
6581,Crops and livestock products,India,Production,Pepper (piper spp.),1988,tonnes,48090,pepper
6582,Crops and livestock products,India,Production,Pepper (piper spp.),1989,tonnes,44160,pepper
6583,Crops and livestock products,India,Production,Pepper (piper spp.),1990,tonnes,55190,pepper
6584,Crops and livestock products,India,Production,Pepper (piper spp.),1991,tonnes,47950,pepper
6585,Crops and livestock products,India,Production,Pepper (piper spp.),1992,tonnes,52010,pepper
6586,Crops and livestock products,India,Production,Pepper (piper spp.),1993,tonnes,50760,pepper
6587,Crops and livestock products,India,Production,Pepper (piper spp.),1994,tonnes,51300,pepper
6588,Crops and livestock products,India,Production,Pepper (piper spp.),1995,tonnes,60700,pepper
6589,Crops and livestock products,India,Production,Pepper (piper spp.),1996,tonnes,61580,pepper
6590,Crops and livestock products,India,Production,Pepper (piper spp.),1997,tonnes,56000,pepper
6591,Crops and livestock products,India,Production,Pepper (piper spp.),1998,tonnes,57000,pepper
6592,Crops and livestock products,India,Production,Pepper (piper spp.),1999,tonnes,76000,pepper
6593,Crops and livestock products,India,Production,Pepper (piper spp.),2000,tonnes,59000,pepper
6594,Crops and livestock products,India,Production,Pepper (piper spp.),2001,tonnes,64000,pepper
6595,Crops and livestock products,India,Production,Pepper (piper spp.),2002,tonnes,62000,pepper
6596,Crops and livestock products,India,Production,Pepper (piper spp.),2003,tonnes,64000,pepper
6597,Crops and livestock products,India,Production,Pepper (piper spp.),2004,tonnes,73190,pepper
6598,Crops and livestock products,India,Production,Pepper (piper spp.),2005,tonnes,73020,pepper
6599,Crops and livestock products,India,Production,Pepper (piper spp.),2006,tonnes,92900,pepper
6600,Crops and livestock products,India,Production,Pepper (piper spp.),2007,tonnes,69000,pepper
6601,Crops and livestock products,India,Production,Pepper (piper spp.),2008,tonnes,47010,pepper
6602,Crops and livestock products,India,Production,Pepper (piper spp.),2009,tonnes,47400,pepper
6603,Crops and livestock products,India,Production,Pepper (piper spp.),2010,tonnes,51020,pepper
6604,Crops and livestock products,India,Production,Pepper (piper spp.),2011,tonnes,52000,pepper
6605,Crops and livestock products,India,Production,Pepper (piper spp.),2012,tonnes,41000,pepper
6606,Crops and livestock products,India,Production,Pepper (piper spp.),2013,tonnes,53000,pepper
6607,Crops and livestock products,India,Production,Pepper (piper spp.),2014,tonnes,51000,pepper
6608,Crops and livestock products,India,Production,Pepper (piper spp.),2015,tonnes,65000,pepper
6609,Crops and livestock products,India,Production,Pepper (piper spp.),2016,tonnes,55000,pepper
6610,Crops and livestock products,India,Production,Pepper (piper spp.),2017,tonnes,72000,pepper
6611,Crops and livestock products,India,Production,Pepper (piper spp.),2018,tonnes,66000,pepper
6728,Crops and livestock products,India,Production,Pineapples,1961,tonnes,76000,pineapples
6729,Crops and livestock products,India,Production,Pineapples,1962,tonnes,100000,pineapples
6730,Crops and livestock products,India,Production,Pineapples,1963,tonnes,150000,pineapples
6731,Crops and livestock products,India,Production,Pineapples,1964,tonnes,200000,pineapples
6732,Crops and livestock products,India,Production,Pineapples,1965,tonnes,280000,pineapples
6733,Crops and livestock products,India,Production,Pineapples,1966,tonnes,340000,pineapples
6734,Crops and livestock products,India,Production,Pineapples,1967,tonnes,360000,pineapples
6735,Crops and livestock products,India,Production,Pineapples,1968,tonnes,360000,pineapples
6736,Crops and livestock products,India,Production,Pineapples,1969,tonnes,370000,pineapples
6737,Crops and livestock products,India,Production,Pineapples,1970,tonnes,380000,pineapples
6738,Crops and livestock products,India,Production,Pineapples,1971,tonnes,380000,pineapples
6739,Crops and livestock products,India,Production,Pineapples,1972,tonnes,390000,pineapples
6740,Crops and livestock products,India,Production,Pineapples,1973,tonnes,400000,pineapples
6741,Crops and livestock products,India,Production,Pineapples,1974,tonnes,410000,pineapples
6742,Crops and livestock products,India,Production,Pineapples,1975,tonnes,420000,pineapples
6743,Crops and livestock products,India,Production,Pineapples,1976,tonnes,430000,pineapples
6744,Crops and livestock products,India,Production,Pineapples,1977,tonnes,442900,pineapples
6745,Crops and livestock products,India,Production,Pineapples,1978,tonnes,470610,pineapples
6746,Crops and livestock products,India,Production,Pineapples,1979,tonnes,500300,pineapples
6747,Crops and livestock products,India,Production,Pineapples,1980,tonnes,548980,pineapples
6748,Crops and livestock products,India,Production,Pineapples,1981,tonnes,593230,pineapples
6749,Crops and livestock products,India,Production,Pineapples,1982,tonnes,643100,pineapples
6750,Crops and livestock products,India,Production,Pineapples,1983,tonnes,671820,pineapples
6751,Crops and livestock products,India,Production,Pineapples,1984,tonnes,755970,pineapples
6752,Crops and livestock products,India,Production,Pineapples,1985,tonnes,771060,pineapples
6753,Crops and livestock products,India,Production,Pineapples,1986,tonnes,607000,pineapples
6754,Crops and livestock products,India,Production,Pineapples,1987,tonnes,578035,pineapples
6755,Crops and livestock products,India,Production,Pineapples,1988,tonnes,815387,pineapples
6756,Crops and livestock products,India,Production,Pineapples,1989,tonnes,787000,pineapples
6757,Crops and livestock products,India,Production,Pineapples,1990,tonnes,881000,pineapples
6758,Crops and livestock products,India,Production,Pineapples,1991,tonnes,768000,pineapples
6759,Crops and livestock products,India,Production,Pineapples,1992,tonnes,859000,pineapples
6760,Crops and livestock products,India,Production,Pineapples,1993,tonnes,1000000,pineapples
6761,Crops and livestock products,India,Production,Pineapples,1994,tonnes,1010000,pineapples
6762,Crops and livestock products,India,Production,Pineapples,1995,tonnes,1060000,pineapples
6763,Crops and livestock products,India,Production,Pineapples,1996,tonnes,1200000,pineapples
6764,Crops and livestock products,India,Production,Pineapples,1997,tonnes,1250000,pineapples
6765,Crops and livestock products,India,Production,Pineapples,1998,tonnes,940000,pineapples
6766,Crops and livestock products,India,Production,Pineapples,1999,tonnes,1006000,pineapples
6767,Crops and livestock products,India,Production,Pineapples,2000,tonnes,1020000,pineapples
6768,Crops and livestock products,India,Production,Pineapples,2001,tonnes,1220000,pineapples
6769,Crops and livestock products,India,Production,Pineapples,2002,tonnes,1180000,pineapples
6770,Crops and livestock products,India,Production,Pineapples,2003,tonnes,1310000,pineapples
6771,Crops and livestock products,India,Production,Pineapples,2004,tonnes,1234200,pineapples
6772,Crops and livestock products,India,Production,Pineapples,2005,tonnes,1278900,pineapples
6773,Crops and livestock products,India,Production,Pineapples,2006,tonnes,1262600,pineapples
6774,Crops and livestock products,India,Production,Pineapples,2007,tonnes,1362000,pineapples
6775,Crops and livestock products,India,Production,Pineapples,2008,tonnes,1245000,pineapples
6776,Crops and livestock products,India,Production,Pineapples,2009,tonnes,1341000,pineapples
6777,Crops and livestock products,India,Production,Pineapples,2010,tonnes,1386800,pineapples
6778,Crops and livestock products,India,Production,Pineapples,2011,tonnes,1415000,pineapples
6779,Crops and livestock products,India,Production,Pineapples,2012,tonnes,1500000,pineapples
6780,Crops and livestock products,India,Production,Pineapples,2013,tonnes,1571000,pineapples
6781,Crops and livestock products,India,Production,Pineapples,2014,tonnes,1736740,pineapples
6782,Crops and livestock products,India,Production,Pineapples,2015,tonnes,1984000,pineapples
6783,Crops and livestock products,India,Production,Pineapples,2016,tonnes,1924000,pineapples
6784,Crops and livestock products,India,Production,Pineapples,2017,tonnes,1861000,pineapples
6785,Crops and livestock products,India,Production,Pineapples,2018,tonnes,1706000,pineapples
6902,Crops and livestock products,India,Production,Potatoes,1961,tonnes,2719000,potatoes
6903,Crops and livestock products,India,Production,Potatoes,1962,tonnes,2447000,potatoes
6904,Crops and livestock products,India,Production,Potatoes,1963,tonnes,3365000,potatoes
6905,Crops and livestock products,India,Production,Potatoes,1964,tonnes,2593000,potatoes
6906,Crops and livestock products,India,Production,Potatoes,1965,tonnes,3605000,potatoes
6907,Crops and livestock products,India,Production,Potatoes,1966,tonnes,4076000,potatoes
6908,Crops and livestock products,India,Production,Potatoes,1967,tonnes,3521500,potatoes
6909,Crops and livestock products,India,Production,Potatoes,1968,tonnes,4232300,potatoes
6910,Crops and livestock products,India,Production,Potatoes,1969,tonnes,4725500,potatoes
6911,Crops and livestock products,India,Production,Potatoes,1970,tonnes,3912600,potatoes
6912,Crops and livestock products,India,Production,Potatoes,1971,tonnes,4807200,potatoes
6913,Crops and livestock products,India,Production,Potatoes,1972,tonnes,4825500,potatoes
6914,Crops and livestock products,India,Production,Potatoes,1973,tonnes,4451000,potatoes
6915,Crops and livestock products,India,Production,Potatoes,1974,tonnes,4861100,potatoes
6916,Crops and livestock products,India,Production,Potatoes,1975,tonnes,6225400,potatoes
6917,Crops and livestock products,India,Production,Potatoes,1976,tonnes,7306000,potatoes
6918,Crops and livestock products,India,Production,Potatoes,1977,tonnes,7170700,potatoes
6919,Crops and livestock products,India,Production,Potatoes,1978,tonnes,8135400,potatoes
6920,Crops and livestock products,India,Production,Potatoes,1979,tonnes,10133000,potatoes
6921,Crops and livestock products,India,Production,Potatoes,1980,tonnes,8326600,potatoes
6922,Crops and livestock products,India,Production,Potatoes,1981,tonnes,9670000,potatoes
6923,Crops and livestock products,India,Production,Potatoes,1982,tonnes,9911800,potatoes
6924,Crops and livestock products,India,Production,Potatoes,1983,tonnes,9956000,potatoes
6925,Crops and livestock products,India,Production,Potatoes,1984,tonnes,12151800,potatoes
6926,Crops and livestock products,India,Production,Potatoes,1985,tonnes,12570600,potatoes
6927,Crops and livestock products,India,Production,Potatoes,1986,tonnes,10422800,potatoes
6928,Crops and livestock products,India,Production,Potatoes,1987,tonnes,12740300,potatoes
6929,Crops and livestock products,India,Production,Potatoes,1988,tonnes,14046000,potatoes
6930,Crops and livestock products,India,Production,Potatoes,1989,tonnes,14857000,potatoes
6931,Crops and livestock products,India,Production,Potatoes,1990,tonnes,14770800,potatoes
6932,Crops and livestock products,India,Production,Potatoes,1991,tonnes,15205600,potatoes
6933,Crops and livestock products,India,Production,Potatoes,1992,tonnes,18195000,potatoes
6934,Crops and livestock products,India,Production,Potatoes,1993,tonnes,18479000,potatoes
6935,Crops and livestock products,India,Production,Potatoes,1994,tonnes,17392400,potatoes
6936,Crops and livestock products,India,Production,Potatoes,1995,tonnes,17401300,potatoes
6937,Crops and livestock products,India,Production,Potatoes,1996,tonnes,18843300,potatoes
6938,Crops and livestock products,India,Production,Potatoes,1997,tonnes,24215900,potatoes
6939,Crops and livestock products,India,Production,Potatoes,1998,tonnes,17652300,potatoes
6940,Crops and livestock products,India,Production,Potatoes,1999,tonnes,22494700,potatoes
6941,Crops and livestock products,India,Production,Potatoes,2000,tonnes,25000100,potatoes
6942,Crops and livestock products,India,Production,Potatoes,2001,tonnes,22242700,potatoes
6943,Crops and livestock products,India,Production,Potatoes,2002,tonnes,24456100,potatoes
6944,Crops and livestock products,India,Production,Potatoes,2003,tonnes,23161400,potatoes
6945,Crops and livestock products,India,Production,Potatoes,2004,tonnes,27925800,potatoes
6946,Crops and livestock products,India,Production,Potatoes,2005,tonnes,28787700,potatoes
6947,Crops and livestock products,India,Production,Potatoes,2006,tonnes,29174600,potatoes
6948,Crops and livestock products,India,Production,Potatoes,2007,tonnes,28599600,potatoes
6949,Crops and livestock products,India,Production,Potatoes,2008,tonnes,34658000,potatoes
6950,Crops and livestock products,India,Production,Potatoes,2009,tonnes,34390900,potatoes
6951,Crops and livestock products,India,Production,Potatoes,2010,tonnes,36577300,potatoes
6952,Crops and livestock products,India,Production,Potatoes,2011,tonnes,42339400,potatoes
6953,Crops and livestock products,India,Production,Potatoes,2012,tonnes,41483000,potatoes
6954,Crops and livestock products,India,Production,Potatoes,2013,tonnes,45343600,potatoes
6955,Crops and livestock products,India,Production,Potatoes,2014,tonnes,46395000,potatoes
6956,Crops and livestock products,India,Production,Potatoes,2015,tonnes,48009000,potatoes
6957,Crops and livestock products,India,Production,Potatoes,2016,tonnes,43417000,potatoes
6958,Crops and livestock products,India,Production,Potatoes,2017,tonnes,48605000,potatoes
6959,Crops and livestock products,India,Production,Potatoes,2018,tonnes,51310000,potatoes
7076,Crops and livestock products,India,Production,"Pumpkins, squash and gourds",1961,tonnes,815000,pumpkins
7077,Crops and livestock products,India,Production,"Pumpkins, squash and gourds",1962,tonnes,870000,pumpkins
7078,Crops and livestock products,India,Production,"Pumpkins, squash and gourds",1963,tonnes,940000,pumpkins
7079,Crops and livestock products,India,Production,"Pumpkins, squash and gourds",1964,tonnes,985000,pumpkins
7080,Crops and livestock products,India,Production,"Pumpkins, squash and gourds",1965,tonnes,1000000,pumpkins
7081,Crops and livestock products,India,Production,"Pumpkins, squash and gourds",1966,tonnes,1120000,pumpkins
7082,Crops and livestock products,India,Production,"Pumpkins, squash and gourds",1967,tonnes,1180000,pumpkins
7083,Crops and livestock products,India,Production,"Pumpkins, squash and gourds",1968,tonnes,1220000,pumpkins
7084,Crops and livestock products,India,Production,"Pumpkins, squash and gourds",1969,tonnes,1250000,pumpkins
7085,Crops and livestock products,India,Production,"Pumpkins, squash and gourds",1970,tonnes,1330000,pumpkins
7086,Crops and livestock products,India,Production,"Pumpkins, squash and gourds",1971,tonnes,1380000,pumpkins
7087,Crops and livestock products,India,Production,"Pumpkins, squash and gourds",1972,tonnes,1440000,pumpkins
7088,Crops and livestock products,India,Production,"Pumpkins, squash and gourds",1973,tonnes,1475000,pumpkins
7089,Crops and livestock products,India,Production,"Pumpkins, squash and gourds",1974,tonnes,1550000,pumpkins
7090,Crops and livestock products,India,Production,"Pumpkins, squash and gourds",1975,tonnes,1600000,pumpkins
7091,Crops and livestock products,India,Production,"Pumpkins, squash and gourds",1976,tonnes,1650000,pumpkins
7092,Crops and livestock products,India,Production,"Pumpkins, squash and gourds",1977,tonnes,1690000,pumpkins
7093,Crops and livestock products,India,Production,"Pumpkins, squash and gourds",1978,tonnes,1800000,pumpkins
7094,Crops and livestock products,India,Production,"Pumpkins, squash and gourds",1979,tonnes,1900000,pumpkins
7095,Crops and livestock products,India,Production,"Pumpkins, squash and gourds",1980,tonnes,1960000,pumpkins
7096,Crops and livestock products,India,Production,"Pumpkins, squash and gourds",1981,tonnes,2100000,pumpkins
7097,Crops and livestock products,India,Production,"Pumpkins, squash and gourds",1982,tonnes,2180000,pumpkins
7098,Crops and livestock products,India,Production,"Pumpkins, squash and gourds",1983,tonnes,2250000,pumpkins
7099,Crops and livestock products,India,Production,"Pumpkins, squash and gourds",1984,tonnes,2400000,pumpkins
7100,Crops and livestock products,India,Production,"Pumpkins, squash and gourds",1985,tonnes,2550000,pumpkins
7101,Crops and livestock products,India,Production,"Pumpkins, squash and gourds",1986,tonnes,2630000,pumpkins
7102,Crops and livestock products,India,Production,"Pumpkins, squash and gourds",1987,tonnes,2685000,pumpkins
7103,Crops and livestock products,India,Production,"Pumpkins, squash and gourds",1988,tonnes,2800000,pumpkins
7104,Crops and livestock products,India,Production,"Pumpkins, squash and gourds",1989,tonnes,2850000,pumpkins
7105,Crops and livestock products,India,Production,"Pumpkins, squash and gourds",1990,tonnes,2860000,pumpkins
7106,Crops and livestock products,India,Production,"Pumpkins, squash and gourds",1991,tonnes,2933000,pumpkins
7107,Crops and livestock products,India,Production,"Pumpkins, squash and gourds",1992,tonnes,2950000,pumpkins
7108,Crops and livestock products,India,Production,"Pumpkins, squash and gourds",1993,tonnes,3100000,pumpkins
7109,Crops and livestock products,India,Production,"Pumpkins, squash and gourds",1994,tonnes,3074014,pumpkins
7110,Crops and livestock products,India,Production,"Pumpkins, squash and gourds",1995,tonnes,3150000,pumpkins
7111,Crops and livestock products,India,Production,"Pumpkins, squash and gourds",1996,tonnes,3200000,pumpkins
7112,Crops and livestock products,India,Production,"Pumpkins, squash and gourds",1997,tonnes,3300000,pumpkins
7113,Crops and livestock products,India,Production,"Pumpkins, squash and gourds",1998,tonnes,3350000,pumpkins
7114,Crops and livestock products,India,Production,"Pumpkins, squash and gourds",1999,tonnes,3400000,pumpkins
7115,Crops and livestock products,India,Production,"Pumpkins, squash and gourds",2000,tonnes,3450000,pumpkins
7116,Crops and livestock products,India,Production,"Pumpkins, squash and gourds",2001,tonnes,3500000,pumpkins
7117,Crops and livestock products,India,Production,"Pumpkins, squash and gourds",2002,tonnes,3605716,pumpkins
7118,Crops and livestock products,India,Production,"Pumpkins, squash and gourds",2003,tonnes,3702215,pumpkins
7119,Crops and livestock products,India,Production,"Pumpkins, squash and gourds",2004,tonnes,3800848,pumpkins
7120,Crops and livestock products,India,Production,"Pumpkins, squash and gourds",2005,tonnes,3900938,pumpkins
7121,Crops and livestock products,India,Production,"Pumpkins, squash and gourds",2006,tonnes,4136382,pumpkins
7122,Crops and livestock products,India,Production,"Pumpkins, squash and gourds",2007,tonnes,4259627,pumpkins
7123,Crops and livestock products,India,Production,"Pumpkins, squash and gourds",2008,tonnes,4388123,pumpkins
7124,Crops and livestock products,India,Production,"Pumpkins, squash and gourds",2009,tonnes,4515818,pumpkins
7125,Crops and livestock products,India,Production,"Pumpkins, squash and gourds",2010,tonnes,4637531,pumpkins
7126,Crops and livestock products,India,Production,"Pumpkins, squash and gourds",2011,tonnes,4752830,pumpkins
7127,Crops and livestock products,India,Production,"Pumpkins, squash and gourds",2012,tonnes,4900000,pumpkins
7128,Crops and livestock products,India,Production,"Pumpkins, squash and gourds",2013,tonnes,4900000,pumpkins
7129,Crops and livestock products,India,Production,"Pumpkins, squash and gourds",2014,tonnes,5021477,pumpkins
7130,Crops and livestock products,India,Production,"Pumpkins, squash and gourds",2015,tonnes,5243814,pumpkins
7131,Crops and livestock products,India,Production,"Pumpkins, squash and gourds",2016,tonnes,5055097,pumpkins
7132,Crops and livestock products,India,Production,"Pumpkins, squash and gourds",2017,tonnes,5106796,pumpkins
7133,Crops and livestock products,India,Production,"Pumpkins, squash and gourds",2018,tonnes,5135236,pumpkins
7250,Crops and livestock products,India,Production,"Rice, paddy",1961,tonnes,53494496,rice
7251,Crops and livestock products,India,Production,"Rice, paddy",1962,tonnes,49825552,rice
7252,Crops and livestock products,India,Production,"Rice, paddy",1963,tonnes,55497008,rice
7253,Crops and livestock products,India,Production,"Rice, paddy",1964,tonnes,58962000,rice
7254,Crops and livestock products,India,Production,"Rice, paddy",1965,tonnes,45883504,rice
7255,Crops and livestock products,India,Production,"Rice, paddy",1966,tonnes,45657008,rice
7256,Crops and livestock products,India,Production,"Rice, paddy",1967,tonnes,56418304,rice
7257,Crops and livestock products,India,Production,"Rice, paddy",1968,tonnes,59641808,rice
7258,Crops and livestock products,India,Production,"Rice, paddy",1969,tonnes,60644544,rice
7259,Crops and livestock products,India,Production,"Rice, paddy",1970,tonnes,63337808,rice
7260,Crops and livestock products,India,Production,"Rice, paddy",1971,tonnes,64602000,rice
7261,Crops and livestock products,India,Production,"Rice, paddy",1972,tonnes,58867952,rice
7262,Crops and livestock products,India,Production,"Rice, paddy",1973,tonnes,66077008,rice
7263,Crops and livestock products,India,Production,"Rice, paddy",1974,tonnes,59650000,rice
7264,Crops and livestock products,India,Production,"Rice, paddy",1975,tonnes,73352000,rice
7265,Crops and livestock products,India,Production,"Rice, paddy",1976,tonnes,63051904,rice
7266,Crops and livestock products,India,Production,"Rice, paddy",1977,tonnes,79005600,rice
7267,Crops and livestock products,India,Production,"Rice, paddy",1978,tonnes,80608496,rice
7268,Crops and livestock products,India,Production,"Rice, paddy",1979,tonnes,63475696,rice
7269,Crops and livestock products,India,Production,"Rice, paddy",1980,tonnes,80312000,rice
7270,Crops and livestock products,India,Production,"Rice, paddy",1981,tonnes,79883008,rice
7271,Crops and livestock products,India,Production,"Rice, paddy",1982,tonnes,70771696,rice
7272,Crops and livestock products,India,Production,"Rice, paddy",1983,tonnes,90048000,rice
7273,Crops and livestock products,India,Production,"Rice, paddy",1984,tonnes,87552800,rice
7274,Crops and livestock products,India,Production,"Rice, paddy",1985,tonnes,95817696,rice
7275,Crops and livestock products,India,Production,"Rice, paddy",1986,tonnes,90779408,rice
7276,Crops and livestock products,India,Production,"Rice, paddy",1987,tonnes,85338704,rice
7277,Crops and livestock products,India,Production,"Rice, paddy",1988,tonnes,106368800,rice
7278,Crops and livestock products,India,Production,"Rice, paddy",1989,tonnes,110310608,rice
7279,Crops and livestock products,India,Production,"Rice, paddy",1990,tonnes,111517408,rice
7280,Crops and livestock products,India,Production,"Rice, paddy",1991,tonnes,112042000,rice
7281,Crops and livestock products,India,Production,"Rice, paddy",1992,tonnes,109001200,rice
7282,Crops and livestock products,India,Production,"Rice, paddy",1993,tonnes,120400000,rice
7283,Crops and livestock products,India,Production,"Rice, paddy",1994,tonnes,122640000,rice
7284,Crops and livestock products,India,Production,"Rice, paddy",1995,tonnes,115440000,rice
7285,Crops and livestock products,India,Production,"Rice, paddy",1996,tonnes,122500000,rice
7286,Crops and livestock products,India,Production,"Rice, paddy",1997,tonnes,123700000,rice
7287,Crops and livestock products,India,Production,"Rice, paddy",1998,tonnes,129055000,rice
7288,Crops and livestock products,India,Production,"Rice, paddy",1999,tonnes,134495904,rice
7289,Crops and livestock products,India,Production,"Rice, paddy",2000,tonnes,127464896,rice
7290,Crops and livestock products,India,Production,"Rice, paddy",2001,tonnes,139900000,rice
7291,Crops and livestock products,India,Production,"Rice, paddy",2002,tonnes,107730304,rice
7292,Crops and livestock products,India,Production,"Rice, paddy",2003,tonnes,132789000,rice
7293,Crops and livestock products,India,Production,"Rice, paddy",2004,tonnes,124697104,rice
7294,Crops and livestock products,India,Production,"Rice, paddy",2005,tonnes,137690096,rice
7295,Crops and livestock products,India,Production,"Rice, paddy",2006,tonnes,139136992,rice
7296,Crops and livestock products,India,Production,"Rice, paddy",2007,tonnes,144570000,rice
7297,Crops and livestock products,India,Production,"Rice, paddy",2008,tonnes,148036000,rice
7298,Crops and livestock products,India,Production,"Rice, paddy",2009,tonnes,135672992,rice
7299,Crops and livestock products,India,Production,"Rice, paddy",2010,tonnes,143963008,rice
7300,Crops and livestock products,India,Production,"Rice, paddy",2011,tonnes,157900000,rice
7301,Crops and livestock products,India,Production,"Rice, paddy",2012,tonnes,157800000,rice
7302,Crops and livestock products,India,Production,"Rice, paddy",2013,tonnes,159200000,rice
7303,Crops and livestock products,India,Production,"Rice, paddy",2014,tonnes,157200000,rice
7304,Crops and livestock products,India,Production,"Rice, paddy",2015,tonnes,156540000,rice
7305,Crops and livestock products,India,Production,"Rice, paddy",2016,tonnes,163700000,rice
7306,Crops and livestock products,India,Production,"Rice, paddy",2017,tonnes,168500000,rice
7307,Crops and livestock products,India,Production,"Rice, paddy",2018,tonnes,174716730,rice
7424,Crops and livestock products,India,Production,Safflower seed,1961,tonnes,66000,safflower
7425,Crops and livestock products,India,Production,Safflower seed,1962,tonnes,67000,safflower
7426,Crops and livestock products,India,Production,Safflower seed,1963,tonnes,68000,safflower
7427,Crops and livestock products,India,Production,Safflower seed,1964,tonnes,62000,safflower
7428,Crops and livestock products,India,Production,Safflower seed,1965,tonnes,71500,safflower
7429,Crops and livestock products,India,Production,Safflower seed,1966,tonnes,69000,safflower
7430,Crops and livestock products,India,Production,Safflower seed,1967,tonnes,72000,safflower
7431,Crops and livestock products,India,Production,Safflower seed,1968,tonnes,77700,safflower
7432,Crops and livestock products,India,Production,Safflower seed,1969,tonnes,93700,safflower
7433,Crops and livestock products,India,Production,Safflower seed,1970,tonnes,142400,safflower
7434,Crops and livestock products,India,Production,Safflower seed,1971,tonnes,153900,safflower
7435,Crops and livestock products,India,Production,Safflower seed,1972,tonnes,130500,safflower
7436,Crops and livestock products,India,Production,Safflower seed,1973,tonnes,81800,safflower
7437,Crops and livestock products,India,Production,Safflower seed,1974,tonnes,191000,safflower
7438,Crops and livestock products,India,Production,Safflower seed,1975,tonnes,211900,safflower
7439,Crops and livestock products,India,Production,Safflower seed,1976,tonnes,238300,safflower
7440,Crops and livestock products,India,Production,Safflower seed,1977,tonnes,219600,safflower
7441,Crops and livestock products,India,Production,Safflower seed,1978,tonnes,187800,safflower
7442,Crops and livestock products,India,Production,Safflower seed,1979,tonnes,209000,safflower
7443,Crops and livestock products,India,Production,Safflower seed,1980,tonnes,279400,safflower
7444,Crops and livestock products,India,Production,Safflower seed,1981,tonnes,335100,safflower
7445,Crops and livestock products,India,Production,Safflower seed,1982,tonnes,421500,safflower
7446,Crops and livestock products,India,Production,Safflower seed,1983,tonnes,395900,safflower
7447,Crops and livestock products,India,Production,Safflower seed,1984,tonnes,500900,safflower
7448,Crops and livestock products,India,Production,Safflower seed,1985,tonnes,515200,safflower
7449,Crops and livestock products,India,Production,Safflower seed,1986,tonnes,347900,safflower
7450,Crops and livestock products,India,Production,Safflower seed,1987,tonnes,352500,safflower
7451,Crops and livestock products,India,Production,Safflower seed,1988,tonnes,462200,safflower
7452,Crops and livestock products,India,Production,Safflower seed,1989,tonnes,444900,safflower
7453,Crops and livestock products,India,Production,Safflower seed,1990,tonnes,486500,safflower
7454,Crops and livestock products,India,Production,Safflower seed,1991,tonnes,320100,safflower
7455,Crops and livestock products,India,Production,Safflower seed,1992,tonnes,202800,safflower
7456,Crops and livestock products,India,Production,Safflower seed,1993,tonnes,348300,safflower
7457,Crops and livestock products,India,Production,Safflower seed,1994,tonnes,522000,safflower
7458,Crops and livestock products,India,Production,Safflower seed,1995,tonnes,423000,safflower
7459,Crops and livestock products,India,Production,Safflower seed,1996,tonnes,383300,safflower
7460,Crops and livestock products,India,Production,Safflower seed,1997,tonnes,432300,safflower
7461,Crops and livestock products,India,Production,Safflower seed,1998,tonnes,120000,safflower
7462,Crops and livestock products,India,Production,Safflower seed,1999,tonnes,242200,safflower
7463,Crops and livestock products,India,Production,Safflower seed,2000,tonnes,260400,safflower
7464,Crops and livestock products,India,Production,Safflower seed,2001,tonnes,202000,safflower
7465,Crops and livestock products,India,Production,Safflower seed,2002,tonnes,230000,safflower
7466,Crops and livestock products,India,Production,Safflower seed,2003,tonnes,178500,safflower
7467,Crops and livestock products,India,Production,Safflower seed,2004,tonnes,134900,safflower
7468,Crops and livestock products,India,Production,Safflower seed,2005,tonnes,173600,safflower
7469,Crops and livestock products,India,Production,Safflower seed,2006,tonnes,228600,safflower
7470,Crops and livestock products,India,Production,Safflower seed,2007,tonnes,240000,safflower
7471,Crops and livestock products,India,Production,Safflower seed,2008,tonnes,225000,safflower
7472,Crops and livestock products,India,Production,Safflower seed,2009,tonnes,189200,safflower
7473,Crops and livestock products,India,Production,Safflower seed,2010,tonnes,178800,safflower
7474,Crops and livestock products,India,Production,Safflower seed,2011,tonnes,150000,safflower
7475,Crops and livestock products,India,Production,Safflower seed,2012,tonnes,145000,safflower
7476,Crops and livestock products,India,Production,Safflower seed,2013,tonnes,109000,safflower
7477,Crops and livestock products,India,Production,Safflower seed,2014,tonnes,113000,safflower
7478,Crops and livestock products,India,Production,Safflower seed,2015,tonnes,90000,safflower
7479,Crops and livestock products,India,Production,Safflower seed,2016,tonnes,53000,safflower
7480,Crops and livestock products,India,Production,Safflower seed,2017,tonnes,93900,safflower
7481,Crops and livestock products,India,Production,Safflower seed,2018,tonnes,55280,safflower
7598,Crops and livestock products,India,Production,Sesame seed,1961,tonnes,372000,sesame
7599,Crops and livestock products,India,Production,Sesame seed,1962,tonnes,492000,sesame
7600,Crops and livestock products,India,Production,Sesame seed,1963,tonnes,439000,sesame
7601,Crops and livestock products,India,Production,Sesame seed,1964,tonnes,484000,sesame
7602,Crops and livestock products,India,Production,Sesame seed,1965,tonnes,424000,sesame
7603,Crops and livestock products,India,Production,Sesame seed,1966,tonnes,416000,sesame
7604,Crops and livestock products,India,Production,Sesame seed,1967,tonnes,445000,sesame
7605,Crops and livestock products,India,Production,Sesame seed,1968,tonnes,422500,sesame
7606,Crops and livestock products,India,Production,Sesame seed,1969,tonnes,448100,sesame
7607,Crops and livestock products,India,Production,Sesame seed,1970,tonnes,562300,sesame
7608,Crops and livestock products,India,Production,Sesame seed,1971,tonnes,449500,sesame
7609,Crops and livestock products,India,Production,Sesame seed,1972,tonnes,385400,sesame
7610,Crops and livestock products,India,Production,Sesame seed,1973,tonnes,484600,sesame
7611,Crops and livestock products,India,Production,Sesame seed,1974,tonnes,392200,sesame
7612,Crops and livestock products,India,Production,Sesame seed,1975,tonnes,479200,sesame
7613,Crops and livestock products,India,Production,Sesame seed,1976,tonnes,421800,sesame
7614,Crops and livestock products,India,Production,Sesame seed,1977,tonnes,520200,sesame
7615,Crops and livestock products,India,Production,Sesame seed,1978,tonnes,514100,sesame
7616,Crops and livestock products,India,Production,Sesame seed,1979,tonnes,347700,sesame
7617,Crops and livestock products,India,Production,Sesame seed,1980,tonnes,445800,sesame
7618,Crops and livestock products,India,Production,Sesame seed,1981,tonnes,590200,sesame
7619,Crops and livestock products,India,Production,Sesame seed,1982,tonnes,551700,sesame
7620,Crops and livestock products,India,Production,Sesame seed,1983,tonnes,558800,sesame
7621,Crops and livestock products,India,Production,Sesame seed,1984,tonnes,520700,sesame
7622,Crops and livestock products,India,Production,Sesame seed,1985,tonnes,501000,sesame
7623,Crops and livestock products,India,Production,Sesame seed,1986,tonnes,447700,sesame
7624,Crops and livestock products,India,Production,Sesame seed,1987,tonnes,583100,sesame
7625,Crops and livestock products,India,Production,Sesame seed,1988,tonnes,681800,sesame
7626,Crops and livestock products,India,Production,Sesame seed,1989,tonnes,745100,sesame
7627,Crops and livestock products,India,Production,Sesame seed,1990,tonnes,835300,sesame
7628,Crops and livestock products,India,Production,Sesame seed,1991,tonnes,705900,sesame
7629,Crops and livestock products,India,Production,Sesame seed,1992,tonnes,760000,sesame
7630,Crops and livestock products,India,Production,Sesame seed,1993,tonnes,564000,sesame
7631,Crops and livestock products,India,Production,Sesame seed,1994,tonnes,590000,sesame
7632,Crops and livestock products,India,Production,Sesame seed,1995,tonnes,531000,sesame
7633,Crops and livestock products,India,Production,Sesame seed,1996,tonnes,640500,sesame
7634,Crops and livestock products,India,Production,Sesame seed,1997,tonnes,568100,sesame
7635,Crops and livestock products,India,Production,Sesame seed,1998,tonnes,527300,sesame
7636,Crops and livestock products,India,Production,Sesame seed,1999,tonnes,479900,sesame
7637,Crops and livestock products,India,Production,Sesame seed,2000,tonnes,517800,sesame
7638,Crops and livestock products,India,Production,Sesame seed,2001,tonnes,697800,sesame
7639,Crops and livestock products,India,Production,Sesame seed,2002,tonnes,441300,sesame
7640,Crops and livestock products,India,Production,Sesame seed,2003,tonnes,782100,sesame
7641,Crops and livestock products,India,Production,Sesame seed,2004,tonnes,674100,sesame
7642,Crops and livestock products,India,Production,Sesame seed,2005,tonnes,641100,sesame
7643,Crops and livestock products,India,Production,Sesame seed,2006,tonnes,618000,sesame
7644,Crops and livestock products,India,Production,Sesame seed,2007,tonnes,756900,sesame
7645,Crops and livestock products,India,Production,Sesame seed,2008,tonnes,640300,sesame
7646,Crops and livestock products,India,Production,Sesame seed,2009,tonnes,588400,sesame
7647,Crops and livestock products,India,Production,Sesame seed,2010,tonnes,893000,sesame
7648,Crops and livestock products,India,Production,Sesame seed,2011,tonnes,810000,sesame
7649,Crops and livestock products,India,Production,Sesame seed,2012,tonnes,685000,sesame
7650,Crops and livestock products,India,Production,Sesame seed,2013,tonnes,715000,sesame
7651,Crops and livestock products,India,Production,Sesame seed,2014,tonnes,828000,sesame
7652,Crops and livestock products,India,Production,Sesame seed,2015,tonnes,850000,sesame
7653,Crops and livestock products,India,Production,Sesame seed,2016,tonnes,747000,sesame
7654,Crops and livestock products,India,Production,Sesame seed,2017,tonnes,747030,sesame
7655,Crops and livestock products,India,Production,Sesame seed,2018,tonnes,755430,sesame
7772,Crops and livestock products,India,Production,Soybeans,1961,tonnes,5000,soyabean
7773,Crops and livestock products,India,Production,Soybeans,1962,tonnes,5000,soyabean
7774,Crops and livestock products,India,Production,Soybeans,1963,tonnes,8000,soyabean
7775,Crops and livestock products,India,Production,Soybeans,1964,tonnes,8000,soyabean
7776,Crops and livestock products,India,Production,Soybeans,1965,tonnes,10000,soyabean
7777,Crops and livestock products,India,Production,Soybeans,1966,tonnes,10000,soyabean
7778,Crops and livestock products,India,Production,Soybeans,1967,tonnes,12000,soyabean
7779,Crops and livestock products,India,Production,Soybeans,1968,tonnes,12000,soyabean
7780,Crops and livestock products,India,Production,Soybeans,1969,tonnes,14000,soyabean
7781,Crops and livestock products,India,Production,Soybeans,1970,tonnes,14000,soyabean
7782,Crops and livestock products,India,Production,Soybeans,1971,tonnes,14000,soyabean
7783,Crops and livestock products,India,Production,Soybeans,1972,tonnes,28000,soyabean
7784,Crops and livestock products,India,Production,Soybeans,1973,tonnes,39000,soyabean
7785,Crops and livestock products,India,Production,Soybeans,1974,tonnes,51000,soyabean
7786,Crops and livestock products,India,Production,Soybeans,1975,tonnes,91000,soyabean
7787,Crops and livestock products,India,Production,Soybeans,1976,tonnes,123000,soyabean
7788,Crops and livestock products,India,Production,Soybeans,1977,tonnes,183000,soyabean
7789,Crops and livestock products,India,Production,Soybeans,1978,tonnes,299000,soyabean
7790,Crops and livestock products,India,Production,Soybeans,1979,tonnes,282000,soyabean
7791,Crops and livestock products,India,Production,Soybeans,1980,tonnes,442000,soyabean
7792,Crops and livestock products,India,Production,Soybeans,1981,tonnes,352000,soyabean
7793,Crops and livestock products,India,Production,Soybeans,1982,tonnes,491000,soyabean
7794,Crops and livestock products,India,Production,Soybeans,1983,tonnes,614300,soyabean
7795,Crops and livestock products,India,Production,Soybeans,1984,tonnes,954800,soyabean
7796,Crops and livestock products,India,Production,Soybeans,1985,tonnes,1024100,soyabean
7797,Crops and livestock products,India,Production,Soybeans,1986,tonnes,891400,soyabean
7798,Crops and livestock products,India,Production,Soybeans,1987,tonnes,898300,soyabean
7799,Crops and livestock products,India,Production,Soybeans,1988,tonnes,1547100,soyabean
7800,Crops and livestock products,India,Production,Soybeans,1989,tonnes,1805600,soyabean
7801,Crops and livestock products,India,Production,Soybeans,1990,tonnes,2601500,soyabean
7802,Crops and livestock products,India,Production,Soybeans,1991,tonnes,2492000,soyabean
7803,Crops and livestock products,India,Production,Soybeans,1992,tonnes,3390000,soyabean
7804,Crops and livestock products,India,Production,Soybeans,1993,tonnes,4745200,soyabean
7805,Crops and livestock products,India,Production,Soybeans,1994,tonnes,3931900,soyabean
7806,Crops and livestock products,India,Production,Soybeans,1995,tonnes,5096000,soyabean
7807,Crops and livestock products,India,Production,Soybeans,1996,tonnes,5400000,soyabean
7808,Crops and livestock products,India,Production,Soybeans,1997,tonnes,6463100,soyabean
7809,Crops and livestock products,India,Production,Soybeans,1998,tonnes,7143000,soyabean
7810,Crops and livestock products,India,Production,Soybeans,1999,tonnes,7081400,soyabean
7811,Crops and livestock products,India,Production,Soybeans,2000,tonnes,5275800,soyabean
7812,Crops and livestock products,India,Production,Soybeans,2001,tonnes,5962700,soyabean
7813,Crops and livestock products,India,Production,Soybeans,2002,tonnes,4654700,soyabean
7814,Crops and livestock products,India,Production,Soybeans,2003,tonnes,7818900,soyabean
7815,Crops and livestock products,India,Production,Soybeans,2004,tonnes,6876300,soyabean
7816,Crops and livestock products,India,Production,Soybeans,2005,tonnes,8273500,soyabean
7817,Crops and livestock products,India,Production,Soybeans,2006,tonnes,8857000,soyabean
7818,Crops and livestock products,India,Production,Soybeans,2007,tonnes,10968000,soyabean
7819,Crops and livestock products,India,Production,Soybeans,2008,tonnes,9905400,soyabean
7820,Crops and livestock products,India,Production,Soybeans,2009,tonnes,9964500,soyabean
7821,Crops and livestock products,India,Production,Soybeans,2010,tonnes,12736000,soyabean
7822,Crops and livestock products,India,Production,Soybeans,2011,tonnes,12214000,soyabean
7823,Crops and livestock products,India,Production,Soybeans,2012,tonnes,14666000,soyabean
7824,Crops and livestock products,India,Production,Soybeans,2013,tonnes,11861000,soyabean
7825,Crops and livestock products,India,Production,Soybeans,2014,tonnes,10374000,soyabean
7826,Crops and livestock products,India,Production,Soybeans,2015,tonnes,8570000,soyabean
7827,Crops and livestock products,India,Production,Soybeans,2016,tonnes,13159000,soyabean
7828,Crops and livestock products,India,Production,Soybeans,2017,tonnes,13158730,soyabean
7829,Crops and livestock products,India,Production,Soybeans,2018,tonnes,10932970,soyabean
7946,Crops and livestock products,India,Production,Sugar cane,1961,tonnes,110001008,sugarcane
7947,Crops and livestock products,India,Production,Sugar cane,1962,tonnes,103967008,sugarcane
7948,Crops and livestock products,India,Production,Sugar cane,1963,tonnes,91913008,sugarcane
7949,Crops and livestock products,India,Production,Sugar cane,1964,tonnes,104225008,sugarcane
7950,Crops and livestock products,India,Production,Sugar cane,1965,tonnes,122077008,sugarcane
7951,Crops and livestock products,India,Production,Sugar cane,1966,tonnes,123990000,sugarcane
7952,Crops and livestock products,India,Production,Sugar cane,1967,tonnes,92827008,sugarcane
7953,Crops and livestock products,India,Production,Sugar cane,1968,tonnes,95500000,sugarcane
7954,Crops and livestock products,India,Production,Sugar cane,1969,tonnes,124676096,sugarcane
7955,Crops and livestock products,India,Production,Sugar cane,1970,tonnes,135024000,sugarcane
7956,Crops and livestock products,India,Production,Sugar cane,1971,tonnes,126368000,sugarcane
7957,Crops and livestock products,India,Production,Sugar cane,1972,tonnes,113569504,sugarcane
7958,Crops and livestock products,India,Production,Sugar cane,1973,tonnes,124866704,sugarcane
7959,Crops and livestock products,India,Production,Sugar cane,1974,tonnes,140805008,sugarcane
7960,Crops and livestock products,India,Production,Sugar cane,1975,tonnes,144288896,sugarcane
7961,Crops and livestock products,India,Production,Sugar cane,1976,tonnes,140603504,sugarcane
7962,Crops and livestock products,India,Production,Sugar cane,1977,tonnes,153007008,sugarcane
7963,Crops and livestock products,India,Production,Sugar cane,1978,tonnes,176965008,sugarcane
7964,Crops and livestock products,India,Production,Sugar cane,1979,tonnes,151655104,sugarcane
7965,Crops and livestock products,India,Production,Sugar cane,1980,tonnes,128833408,sugarcane
7966,Crops and livestock products,India,Production,Sugar cane,1981,tonnes,154248000,sugarcane
7967,Crops and livestock products,India,Production,Sugar cane,1982,tonnes,186357600,sugarcane
7968,Crops and livestock products,India,Production,Sugar cane,1983,tonnes,189505600,sugarcane
7969,Crops and livestock products,India,Production,Sugar cane,1984,tonnes,174076000,sugarcane
7970,Crops and livestock products,India,Production,Sugar cane,1985,tonnes,170319200,sugarcane
7971,Crops and livestock products,India,Production,Sugar cane,1986,tonnes,171680992,sugarcane
7972,Crops and livestock products,India,Production,Sugar cane,1987,tonnes,186089504,sugarcane
7973,Crops and livestock products,India,Production,Sugar cane,1988,tonnes,196736896,sugarcane
7974,Crops and livestock products,India,Production,Sugar cane,1989,tonnes,203036800,sugarcane
7975,Crops and livestock products,India,Production,Sugar cane,1990,tonnes,225569200,sugarcane
7976,Crops and livestock products,India,Production,Sugar cane,1991,tonnes,241045504,sugarcane
7977,Crops and livestock products,India,Production,Sugar cane,1992,tonnes,254000000,sugarcane
7978,Crops and livestock products,India,Production,Sugar cane,1993,tonnes,228030000,sugarcane
7979,Crops and livestock products,India,Production,Sugar cane,1994,tonnes,229670000,sugarcane
7980,Crops and livestock products,India,Production,Sugar cane,1995,tonnes,275540000,sugarcane
7981,Crops and livestock products,India,Production,Sugar cane,1996,tonnes,281100000,sugarcane
7982,Crops and livestock products,India,Production,Sugar cane,1997,tonnes,277560000,sugarcane
7983,Crops and livestock products,India,Production,Sugar cane,1998,tonnes,279541504,sugarcane
7984,Crops and livestock products,India,Production,Sugar cane,1999,tonnes,310332800,sugarcane
7985,Crops and livestock products,India,Production,Sugar cane,2000,tonnes,299323904,sugarcane
7986,Crops and livestock products,India,Production,Sugar cane,2001,tonnes,295956000,sugarcane
7987,Crops and livestock products,India,Production,Sugar cane,2002,tonnes,297207808,sugarcane
7988,Crops and livestock products,India,Production,Sugar cane,2003,tonnes,287383200,sugarcane
7989,Crops and livestock products,India,Production,Sugar cane,2004,tonnes,233861792,sugarcane
7990,Crops and livestock products,India,Production,Sugar cane,2005,tonnes,237088400,sugarcane
7991,Crops and livestock products,India,Production,Sugar cane,2006,tonnes,281171808,sugarcane
7992,Crops and livestock products,India,Production,Sugar cane,2007,tonnes,355519712,sugarcane
7993,Crops and livestock products,India,Production,Sugar cane,2008,tonnes,348187904,sugarcane
7994,Crops and livestock products,India,Production,Sugar cane,2009,tonnes,285029312,sugarcane
7995,Crops and livestock products,India,Production,Sugar cane,2010,tonnes,292301600,sugarcane
7996,Crops and livestock products,India,Production,Sugar cane,2011,tonnes,342382016,sugarcane
7997,Crops and livestock products,India,Production,Sugar cane,2012,tonnes,361036992,sugarcane
7998,Crops and livestock products,India,Production,Sugar cane,2013,tonnes,341200000,sugarcane
7999,Crops and livestock products,India,Production,Sugar cane,2014,tonnes,352142000,sugarcane
8000,Crops and livestock products,India,Production,Sugar cane,2015,tonnes,362333000,sugarcane
8001,Crops and livestock products,India,Production,Sugar cane,2016,tonnes,348448000,sugarcane
8002,Crops and livestock products,India,Production,Sugar cane,2017,tonnes,306069000,sugarcane
8003,Crops and livestock products,India,Production,Sugar cane,2018,tonnes,379904850,sugarcane
8120,Crops and livestock products,India,Production,Tomatoes,1961,tonnes,464000,tomatoes
8121,Crops and livestock products,India,Production,Tomatoes,1962,tonnes,480000,tomatoes
8122,Crops and livestock products,India,Production,Tomatoes,1963,tonnes,495000,tomatoes
8123,Crops and livestock products,India,Production,Tomatoes,1964,tonnes,510000,tomatoes
8124,Crops and livestock products,India,Production,Tomatoes,1965,tonnes,525000,tomatoes
8125,Crops and livestock products,India,Production,Tomatoes,1966,tonnes,540000,tomatoes
8126,Crops and livestock products,India,Production,Tomatoes,1967,tonnes,560000,tomatoes
8127,Crops and livestock products,India,Production,Tomatoes,1968,tonnes,580000,tomatoes
8128,Crops and livestock products,India,Production,Tomatoes,1969,tonnes,600000,tomatoes
8129,Crops and livestock products,India,Production,Tomatoes,1970,tonnes,620000,tomatoes
8130,Crops and livestock products,India,Production,Tomatoes,1971,tonnes,640000,tomatoes
8131,Crops and livestock products,India,Production,Tomatoes,1972,tonnes,650000,tomatoes
8132,Crops and livestock products,India,Production,Tomatoes,1973,tonnes,660000,tomatoes
8133,Crops and livestock products,India,Production,Tomatoes,1974,tonnes,750000,tomatoes
8134,Crops and livestock products,India,Production,Tomatoes,1975,tonnes,830000,tomatoes
8135,Crops and livestock products,India,Production,Tomatoes,1976,tonnes,1050000,tomatoes
8136,Crops and livestock products,India,Production,Tomatoes,1977,tonnes,1020000,tomatoes
8137,Crops and livestock products,India,Production,Tomatoes,1978,tonnes,950000,tomatoes
8138,Crops and livestock products,India,Production,Tomatoes,1979,tonnes,1300000,tomatoes
8139,Crops and livestock products,India,Production,Tomatoes,1980,tonnes,1500000,tomatoes
8140,Crops and livestock products,India,Production,Tomatoes,1981,tonnes,1800000,tomatoes
8141,Crops and livestock products,India,Production,Tomatoes,1982,tonnes,1750000,tomatoes
8142,Crops and livestock products,India,Production,Tomatoes,1983,tonnes,2000000,tomatoes
8143,Crops and livestock products,India,Production,Tomatoes,1984,tonnes,2100000,tomatoes
8144,Crops and livestock products,India,Production,Tomatoes,1985,tonnes,2300000,tomatoes
8145,Crops and livestock products,India,Production,Tomatoes,1986,tonnes,2280000,tomatoes
8146,Crops and livestock products,India,Production,Tomatoes,1987,tonnes,2386776,tomatoes
8147,Crops and livestock products,India,Production,Tomatoes,1988,tonnes,3103301,tomatoes
8148,Crops and livestock products,India,Production,Tomatoes,1989,tonnes,4600000,tomatoes
8149,Crops and livestock products,India,Production,Tomatoes,1990,tonnes,4603446,tomatoes
8150,Crops and livestock products,India,Production,Tomatoes,1991,tonnes,4244366,tomatoes
8151,Crops and livestock products,India,Production,Tomatoes,1992,tonnes,4849568,tomatoes
8152,Crops and livestock products,India,Production,Tomatoes,1993,tonnes,5000000,tomatoes
8153,Crops and livestock products,India,Production,Tomatoes,1994,tonnes,4930000,tomatoes
8154,Crops and livestock products,India,Production,Tomatoes,1995,tonnes,5260000,tomatoes
8155,Crops and livestock products,India,Production,Tomatoes,1996,tonnes,6000000,tomatoes
8156,Crops and livestock products,India,Production,Tomatoes,1997,tonnes,7000000,tomatoes
8157,Crops and livestock products,India,Production,Tomatoes,1998,tonnes,6180000,tomatoes
8158,Crops and livestock products,India,Production,Tomatoes,1999,tonnes,8270000,tomatoes
8159,Crops and livestock products,India,Production,Tomatoes,2000,tonnes,7430000,tomatoes
8160,Crops and livestock products,India,Production,Tomatoes,2001,tonnes,7240000,tomatoes
8161,Crops and livestock products,India,Production,Tomatoes,2002,tonnes,7462300,tomatoes
8162,Crops and livestock products,India,Production,Tomatoes,2003,tonnes,7616700,tomatoes
8163,Crops and livestock products,India,Production,Tomatoes,2004,tonnes,8125600,tomatoes
8164,Crops and livestock products,India,Production,Tomatoes,2005,tonnes,8825400,tomatoes
8165,Crops and livestock products,India,Production,Tomatoes,2006,tonnes,9820400,tomatoes
8166,Crops and livestock products,India,Production,Tomatoes,2007,tonnes,10055000,tomatoes
8167,Crops and livestock products,India,Production,Tomatoes,2008,tonnes,10303000,tomatoes
8168,Crops and livestock products,India,Production,Tomatoes,2009,tonnes,11148800,tomatoes
8169,Crops and livestock products,India,Production,Tomatoes,2010,tonnes,12433200,tomatoes
8170,Crops and livestock products,India,Production,Tomatoes,2011,tonnes,16526000,tomatoes
8171,Crops and livestock products,India,Production,Tomatoes,2012,tonnes,18653000,tomatoes
8172,Crops and livestock products,India,Production,Tomatoes,2013,tonnes,18227000,tomatoes
8173,Crops and livestock products,India,Production,Tomatoes,2014,tonnes,18735910,tomatoes
8174,Crops and livestock products,India,Production,Tomatoes,2015,tonnes,16385000,tomatoes
8175,Crops and livestock products,India,Production,Tomatoes,2016,tonnes,18732000,tomatoes
8176,Crops and livestock products,India,Production,Tomatoes,2017,tonnes,20708000,tomatoes
8177,Crops and livestock products,India,Production,Tomatoes,2018,tonnes,19759000,tomatoes
8294,Crops and livestock products,India,Production,Watermelons,1961,tonnes,71000,watermelon
8295,Crops and livestock products,India,Production,Watermelons,1962,tonnes,75000,watermelon
8296,Crops and livestock products,India,Production,Watermelons,1963,tonnes,77000,watermelon
8297,Crops and livestock products,India,Production,Watermelons,1964,tonnes,80000,watermelon
8298,Crops and livestock products,India,Production,Watermelons,1965,tonnes,85000,watermelon
8299,Crops and livestock products,India,Production,Watermelons,1966,tonnes,88000,watermelon
8300,Crops and livestock products,India,Production,Watermelons,1967,tonnes,89000,watermelon
8301,Crops and livestock products,India,Production,Watermelons,1968,tonnes,96000,watermelon
8302,Crops and livestock products,India,Production,Watermelons,1969,tonnes,100000,watermelon
8303,Crops and livestock products,India,Production,Watermelons,1970,tonnes,102000,watermelon
8304,Crops and livestock products,India,Production,Watermelons,1971,tonnes,109000,watermelon
8305,Crops and livestock products,India,Production,Watermelons,1972,tonnes,114000,watermelon
8306,Crops and livestock products,India,Production,Watermelons,1973,tonnes,116000,watermelon
8307,Crops and livestock products,India,Production,Watermelons,1974,tonnes,118000,watermelon
8308,Crops and livestock products,India,Production,Watermelons,1975,tonnes,120000,watermelon
8309,Crops and livestock products,India,Production,Watermelons,1976,tonnes,125000,watermelon
8310,Crops and livestock products,India,Production,Watermelons,1977,tonnes,126000,watermelon
8311,Crops and livestock products,India,Production,Watermelons,1978,tonnes,128000,watermelon
8312,Crops and livestock products,India,Production,Watermelons,1979,tonnes,133000,watermelon
8313,Crops and livestock products,India,Production,Watermelons,1980,tonnes,140000,watermelon
8314,Crops and livestock products,India,Production,Watermelons,1981,tonnes,145000,watermelon
8315,Crops and livestock products,India,Production,Watermelons,1982,tonnes,153000,watermelon
8316,Crops and livestock products,India,Production,Watermelons,1983,tonnes,160000,watermelon
8317,Crops and livestock products,India,Production,Watermelons,1984,tonnes,165000,watermelon
8318,Crops and livestock products,India,Production,Watermelons,1985,tonnes,170000,watermelon
8319,Crops and livestock products,India,Production,Watermelons,1986,tonnes,184000,watermelon
8320,Crops and livestock products,India,Production,Watermelons,1987,tonnes,188000,watermelon
8321,Crops and livestock products,India,Production,Watermelons,1988,tonnes,195000,watermelon
8322,Crops and livestock products,India,Production,Watermelons,1989,tonnes,197000,watermelon
8323,Crops and livestock products,India,Production,Watermelons,1990,tonnes,200000,watermelon
8324,Crops and livestock products,India,Production,Watermelons,1991,tonnes,205900,watermelon
8325,Crops and livestock products,India,Production,Watermelons,1992,tonnes,208000,watermelon
8326,Crops and livestock products,India,Production,Watermelons,1993,tonnes,210000,watermelon
8327,Crops and livestock products,India,Production,Watermelons,1994,tonnes,215000,watermelon
8328,Crops and livestock products,India,Production,Watermelons,1995,tonnes,220000,watermelon
8329,Crops and livestock products,India,Production,Watermelons,1996,tonnes,225000,watermelon
8330,Crops and livestock products,India,Production,Watermelons,1997,tonnes,250000,watermelon
8331,Crops and livestock products,India,Production,Watermelons,1998,tonnes,249018,watermelon
8332,Crops and livestock products,India,Production,Watermelons,1999,tonnes,255540,watermelon
8333,Crops and livestock products,India,Production,Watermelons,2000,tonnes,255000,watermelon
8334,Crops and livestock products,India,Production,Watermelons,2001,tonnes,270877,watermelon
8335,Crops and livestock products,India,Production,Watermelons,2002,tonnes,281147,watermelon
8336,Crops and livestock products,India,Production,Watermelons,2003,tonnes,291544,watermelon
8337,Crops and livestock products,India,Production,Watermelons,2004,tonnes,301927,watermelon
8338,Crops and livestock products,India,Production,Watermelons,2005,tonnes,313709,watermelon
8339,Crops and livestock products,India,Production,Watermelons,2006,tonnes,324625,watermelon
8340,Crops and livestock products,India,Production,Watermelons,2007,tonnes,335666,watermelon
8341,Crops and livestock products,India,Production,Watermelons,2008,tonnes,346812,watermelon
8342,Crops and livestock products,India,Production,Watermelons,2009,tonnes,358052,watermelon
8343,Crops and livestock products,India,Production,Watermelons,2010,tonnes,369380,watermelon
8344,Crops and livestock products,India,Production,Watermelons,2011,tonnes,1436500,watermelon
8345,Crops and livestock products,India,Production,Watermelons,2012,tonnes,1727000,watermelon
8346,Crops and livestock products,India,Production,Watermelons,2013,tonnes,1789000,watermelon
8347,Crops and livestock products,India,Production,Watermelons,2014,tonnes,1810000,watermelon
8348,Crops and livestock products,India,Production,Watermelons,2015,tonnes,2145000,watermelon
8349,Crops and livestock products,India,Production,Watermelons,2016,tonnes,2325000,watermelon
8350,Crops and livestock products,India,Production,Watermelons,2017,tonnes,2182000,watermelon
8351,Crops and livestock products,India,Production,Watermelons,2018,tonnes,2520000,watermelon
8468,Crops and livestock products,India,Production,Wheat,1961,tonnes,10997000,wheat
8469,Crops and livestock products,India,Production,Wheat,1962,tonnes,12072000,wheat
8470,Crops and livestock products,India,Production,Wheat,1963,tonnes,10776000,wheat
8471,Crops and livestock products,India,Production,Wheat,1964,tonnes,9853000,wheat
8472,Crops and livestock products,India,Production,Wheat,1965,tonnes,12257000,wheat
8473,Crops and livestock products,India,Production,Wheat,1966,tonnes,10394000,wheat
8474,Crops and livestock products,India,Production,Wheat,1967,tonnes,11393000,wheat
8475,Crops and livestock products,India,Production,Wheat,1968,tonnes,16540100,wheat
8476,Crops and livestock products,India,Production,Wheat,1969,tonnes,18651600,wheat
8477,Crops and livestock products,India,Production,Wheat,1970,tonnes,20093296,wheat
8478,Crops and livestock products,India,Production,Wheat,1971,tonnes,23832496,wheat
8479,Crops and livestock products,India,Production,Wheat,1972,tonnes,26409904,wheat
8480,Crops and livestock products,India,Production,Wheat,1973,tonnes,24734608,wheat
8481,Crops and livestock products,India,Production,Wheat,1974,tonnes,21778000,wheat
8482,Crops and livestock products,India,Production,Wheat,1975,tonnes,24104400,wheat
8483,Crops and livestock products,India,Production,Wheat,1976,tonnes,28846304,wheat
8484,Crops and livestock products,India,Production,Wheat,1977,tonnes,29009904,wheat
8485,Crops and livestock products,India,Production,Wheat,1978,tonnes,31749200,wheat
8486,Crops and livestock products,India,Production,Wheat,1979,tonnes,35507808,wheat
8487,Crops and livestock products,India,Production,Wheat,1980,tonnes,31830000,wheat
8488,Crops and livestock products,India,Production,Wheat,1981,tonnes,36312608,wheat
8489,Crops and livestock products,India,Production,Wheat,1982,tonnes,37451808,wheat
8490,Crops and livestock products,India,Production,Wheat,1983,tonnes,42793904,wheat
8491,Crops and livestock products,India,Production,Wheat,1984,tonnes,45476000,wheat
8492,Crops and livestock products,India,Production,Wheat,1985,tonnes,44068800,wheat
8493,Crops and livestock products,India,Production,Wheat,1986,tonnes,47051808,wheat
8494,Crops and livestock products,India,Production,Wheat,1987,tonnes,44322896,wheat
8495,Crops and livestock products,India,Production,Wheat,1988,tonnes,46169408,wheat
8496,Crops and livestock products,India,Production,Wheat,1989,tonnes,54110208,wheat
8497,Crops and livestock products,India,Production,Wheat,1990,tonnes,49849504,wheat
8498,Crops and livestock products,India,Production,Wheat,1991,tonnes,55134496,wheat
8499,Crops and livestock products,India,Production,Wheat,1992,tonnes,55689504,wheat
8500,Crops and livestock products,India,Production,Wheat,1993,tonnes,57210100,wheat
8501,Crops and livestock products,India,Production,Wheat,1994,tonnes,59840000,wheat
8502,Crops and livestock products,India,Production,Wheat,1995,tonnes,65767400,wheat
8503,Crops and livestock products,India,Production,Wheat,1996,tonnes,62097400,wheat
8504,Crops and livestock products,India,Production,Wheat,1997,tonnes,69350200,wheat
8505,Crops and livestock products,India,Production,Wheat,1998,tonnes,66345000,wheat
8506,Crops and livestock products,India,Production,Wheat,1999,tonnes,71287504,wheat
8507,Crops and livestock products,India,Production,Wheat,2000,tonnes,76368896,wheat
8508,Crops and livestock products,India,Production,Wheat,2001,tonnes,69680896,wheat
8509,Crops and livestock products,India,Production,Wheat,2002,tonnes,72766304,wheat
8510,Crops and livestock products,India,Production,Wheat,2003,tonnes,65760800,wheat
8511,Crops and livestock products,India,Production,Wheat,2004,tonnes,72156200,wheat
8512,Crops and livestock products,India,Production,Wheat,2005,tonnes,68636896,wheat
8513,Crops and livestock products,India,Production,Wheat,2006,tonnes,69354496,wheat
8514,Crops and livestock products,India,Production,Wheat,2007,tonnes,75806704,wheat
8515,Crops and livestock products,India,Production,Wheat,2008,tonnes,78570200,wheat
8516,Crops and livestock products,India,Production,Wheat,2009,tonnes,80679400,wheat
8517,Crops and livestock products,India,Production,Wheat,2010,tonnes,80803600,wheat
8518,Crops and livestock products,India,Production,Wheat,2011,tonnes,86874000,wheat
8519,Crops and livestock products,India,Production,Wheat,2012,tonnes,94880000,wheat
8520,Crops and livestock products,India,Production,Wheat,2013,tonnes,93510000,wheat
8521,Crops and livestock products,India,Production,Wheat,2014,tonnes,95850000,wheat
8522,Crops and livestock products,India,Production,Wheat,2015,tonnes,86530000,wheat
8523,Crops and livestock products,India,Production,Wheat,2016,tonnes,92290000,wheat
8524,Crops and livestock products,India,Production,Wheat,2017,tonnes,98510220,wheat
8525,Crops and livestock products,India,Production,Wheat,2018,tonnes,99869520,wheat
